date,Close,High,Low,Open,Volume
2018-06-01,264.0,264.0,264.0,264.0,0
2018-06-04,260.0,268.0,258.0,264.0,179936200
2018-06-05,262.0,272.0,262.0,264.0,600594100
2018-06-06,258.0,268.0,258.0,262.0,222807600
2018-06-07,260.0,264.0,258.0,262.0,108428300
2018-06-08,262.0,264.0,258.0,264.0,162620600
2018-06-11,262.0,262.0,262.0,262.0,0
2018-06-12,262.0,262.0,262.0,262.0,0
2018-06-13,262.0,262.0,262.0,262.0,0
2018-06-14,262.0,262.0,262.0,262.0,0
2018-06-15,262.0,262.0,262.0,262.0,0
2018-06-18,262.0,262.0,262.0,262.0,0
2018-06-19,262.0,262.0,262.0,262.0,0
2018-06-20,258.0,260.0,254.0,258.0,87329200
2018-06-21,254.0,260.0,252.0,258.0,110019500
2018-06-22,246.0,254.0,238.0,252.0,178721200
2018-06-25,236.0,248.0,234.0,246.0,149807400
2018-06-26,224.0,234.0,218.0,234.0,181309700
2018-06-27,208.0,228.0,204.0,220.0,324440700
2018-06-28,200.0,212.0,194.0,208.0,299261000
2018-06-29,226.0,234.0,199.0,204.0,328616100
2018-07-02,212.0,230.0,210.0,226.0,264810500
2018-07-03,204.0,218.0,204.0,212.0,124837600
2018-07-04,208.0,208.0,196.0,204.0,181196400
2018-07-05,214.0,218.0,204.0,208.0,128211600
2018-07-06,212.0,218.0,210.0,212.0,99964300
2018-07-09,216.0,218.0,210.0,214.0,94937200
2018-07-10,220.0,226.0,218.0,218.0,213760900
2018-07-11,226.0,240.0,216.0,216.0,369895800
2018-07-12,230.0,232.0,226.0,228.0,122817300
2018-07-13,228.0,236.0,226.0,232.0,75308500
2018-07-16,228.0,236.0,226.0,230.0,68974400
2018-07-17,222.0,230.0,220.0,228.0,83138100
2018-07-18,226.0,234.0,218.0,220.0,205898700
2018-07-19,226.0,232.0,222.0,230.0,124818400
2018-07-20,224.0,226.0,222.0,226.0,41112200
2018-07-23,226.0,230.0,220.0,220.0,44001900
2018-07-24,244.0,244.0,228.0,228.0,483912000
2018-07-25,254.0,260.0,246.0,248.0,564822800
2018-07-26,248.0,256.0,246.0,252.0,272857500
2018-07-27,262.0,266.0,248.0,250.0,351100700
2018-07-30,268.0,272.0,260.0,266.0,377604600
2018-07-31,260.0,268.0,254.0,266.0,433616100
2018-08-01,258.0,266.0,256.0,260.0,106223900
2018-08-02,258.0,270.0,258.0,260.0,234115200
2018-08-03,258.0,262.0,256.0,260.0,70381400
2018-08-06,260.0,266.0,258.0,260.0,126663700
2018-08-07,252.0,264.0,250.0,260.0,123610500
2018-08-08,246.0,256.0,246.0,252.0,142940100
2018-08-09,234.0,250.0,232.0,250.0,216749700
2018-08-10,232.0,238.0,232.0,238.0,70522900
2018-08-13,220.0,230.0,216.0,230.0,328343300
2018-08-14,218.0,226.0,216.0,220.0,140700900
2018-08-15,222.0,226.0,214.0,222.0,152066800
2018-08-16,218.0,224.0,216.0,220.0,127568200
2018-08-17,218.0,218.0,218.0,218.0,0
2018-08-20,226.0,230.0,220.0,220.0,163866900
2018-08-21,224.0,234.0,222.0,230.0,112087000
2018-08-22,224.0,224.0,224.0,224.0,0
2018-08-23,222.0,228.0,220.0,226.0,80523100
2018-08-24,218.0,224.0,218.0,220.0,53066700
2018-08-27,224.0,226.0,220.0,222.0,54142900
2018-08-28,222.0,230.0,220.0,226.0,118347800
2018-08-29,240.0,248.0,222.0,224.0,579763900
2018-08-30,228.0,246.0,228.0,244.0,359176000
2018-08-31,240.0,240.0,220.0,224.0,185949800
2018-09-03,228.0,238.0,226.0,236.0,157324100
2018-09-04,224.0,234.0,222.0,228.0,107849900
2018-09-05,212.0,224.0,206.0,220.0,241541800
2018-09-06,212.0,220.0,208.0,214.0,116321600
2018-09-07,210.0,216.0,208.0,212.0,153686000
2018-09-10,214.0,216.0,206.0,212.0,115401100
2018-09-11,214.0,214.0,214.0,214.0,0
2018-09-12,222.0,224.0,214.0,216.0,205575400
2018-09-13,224.0,230.0,222.0,226.0,253643800
2018-09-14,224.0,228.0,222.0,226.0,110936000
2018-09-17,220.0,224.0,216.0,224.0,67920000
2018-09-18,222.0,224.0,218.0,220.0,51445500
2018-09-19,222.0,232.0,222.0,224.0,198111300
2018-09-20,224.0,228.0,222.0,224.0,117833500
2018-09-21,222.0,230.0,222.0,226.0,132283800
2018-09-24,220.0,224.0,218.0,224.0,155172800
2018-09-25,222.0,226.0,218.0,220.0,208920000
2018-09-26,218.0,224.0,218.0,222.0,105144000
2018-09-27,214.0,220.0,214.0,218.0,126411500
2018-09-28,216.0,218.0,212.0,216.0,121810400
2018-10-01,216.0,222.0,214.0,216.0,164137400
2018-10-02,208.0,220.0,208.0,218.0,259789500
2018-10-03,208.0,214.0,206.0,210.0,161233200
2018-10-04,202.0,210.0,199.0,208.0,256245100
2018-10-05,200.0,204.0,198.0,202.0,91577000
2018-10-08,198.0,202.0,198.0,202.0,75466400
2018-10-09,200.0,208.0,196.0,200.0,184584700
2018-10-10,200.0,204.0,199.0,202.0,134887400
2018-10-11,188.0,197.0,188.0,197.0,313094100
2018-10-12,190.0,192.0,188.0,190.0,127967600
2018-10-15,178.0,193.0,177.0,191.0,403244100
2018-10-16,179.0,183.0,178.0,180.0,162345700
2018-10-17,182.0,190.0,181.0,181.0,316954100
2018-10-18,177.0,184.0,176.0,183.0,197461700
2018-10-19,177.0,181.0,176.0,177.0,105658800
2018-10-22,174.0,179.0,174.0,178.0,75732000
2018-10-23,170.0,175.0,170.0,175.0,161644200
2018-10-24,173.0,174.0,170.0,170.0,178806600
2018-10-25,172.0,173.0,168.0,170.0,100567900
2018-10-26,172.0,177.0,172.0,172.0,159507300
2018-10-29,167.0,173.0,165.0,172.0,101725200
2018-10-30,164.0,167.0,162.0,166.0,114676000
2018-10-31,169.0,171.0,164.0,165.0,145131500
2018-11-01,167.0,171.0,167.0,169.0,70492500
2018-11-02,165.0,169.0,165.0,167.0,79813600
2018-11-05,165.0,169.0,164.0,165.0,76428200
2018-11-06,166.0,168.0,164.0,164.0,62965500
2018-11-07,169.0,173.0,166.0,168.0,192746300
2018-11-08,190.0,191.0,170.0,170.0,631082700
2018-11-09,182.0,191.0,180.0,189.0,432863400
2018-11-12,180.0,185.0,179.0,183.0,115766700
2018-11-13,175.0,180.0,172.0,177.0,134323800
2018-11-14,166.0,179.0,166.0,177.0,258979800
2018-11-15,166.0,168.0,163.0,166.0,112459300
2018-11-16,171.0,180.0,166.0,168.0,287889200
2018-11-19,164.0,173.0,164.0,172.0,157636100
2018-11-20,164.0,164.0,164.0,164.0,0
2018-11-21,154.0,165.0,150.0,164.0,311727800
2018-11-22,153.0,163.0,152.0,163.0,234497200
2018-11-23,151.0,155.0,151.0,154.0,157285800
2018-11-26,135.0,152.0,135.0,151.0,364252400
2018-11-27,130.0,140.0,130.0,140.0,166173400
2018-11-28,126.0,135.0,125.0,135.0,190877800
2018-11-29,129.0,133.0,128.0,130.0,142524000
2018-11-30,130.0,139.0,129.0,132.0,271069200
2018-12-03,135.0,137.0,131.0,131.0,137598200
2018-12-04,140.0,146.0,134.0,135.0,313462500
2018-12-05,136.0,141.0,135.0,137.0,167142700
2018-12-06,131.0,138.0,131.0,138.0,155914500
2018-12-07,130.0,133.0,128.0,132.0,124243900
2018-12-10,128.0,135.0,127.0,133.0,170615300
2018-12-11,128.0,131.0,127.0,127.0,109517600
2018-12-12,128.0,131.0,127.0,131.0,139720800
2018-12-13,130.0,134.0,129.0,131.0,178314100
2018-12-14,129.0,133.0,128.0,131.0,101100700
2018-12-17,126.0,131.0,126.0,130.0,128611800
2018-12-18,123.0,128.0,121.0,128.0,149339100
2018-12-19,120.0,126.0,120.0,123.0,169470700
2018-12-20,115.0,124.0,111.0,122.0,267121400
2018-12-21,113.0,116.0,111.0,115.0,140102600
2018-12-24,113.0,113.0,113.0,113.0,0
2018-12-25,113.0,113.0,113.0,113.0,0
2018-12-26,104.0,113.0,104.0,113.0,343268200
2018-12-27,104.0,110.0,103.0,107.0,238574300
2018-12-28,103.0,106.0,101.0,106.0,244621500
2018-12-31,103.0,103.0,103.0,103.0,0
2019-01-01,103.0,103.0,103.0,103.0,0
2019-01-02,102.0,106.0,102.0,103.0,108420900
2019-01-03,117.0,117.0,102.0,103.0,521375900
2019-01-04,131.0,135.0,110.0,115.0,1332915200
2019-01-07,137.0,146.0,130.0,133.0,1050380300
2019-01-08,138.0,142.0,134.0,137.0,479631600
2019-01-09,142.0,148.0,138.0,139.0,593770200
2019-01-10,146.0,152.0,142.0,143.0,640812700
2019-01-11,152.0,153.0,147.0,149.0,367896200
2019-01-14,150.0,154.0,142.0,142.0,358187500
2019-01-15,153.0,156.0,149.0,150.0,432634400
2019-01-16,159.0,163.0,152.0,153.0,646838200
2019-01-17,164.0,170.0,155.0,159.0,630213600
2019-01-18,174.0,175.0,165.0,166.0,551491600
2019-01-21,174.0,184.0,171.0,176.0,905984400
2019-01-22,167.0,177.0,166.0,176.0,465665000
2019-01-23,180.0,180.0,165.0,167.0,535366100
2019-01-24,179.0,190.0,177.0,182.0,567706400
2019-01-25,172.0,181.0,172.0,179.0,389437100
2019-01-28,172.0,176.0,171.0,174.0,259769000
2019-01-29,167.0,173.0,165.0,172.0,294673600
2019-01-30,161.0,170.0,159.0,168.0,353238800
2019-01-31,168.0,173.0,162.0,163.0,562915200
2019-02-01,162.0,170.0,161.0,169.0,346335100
2019-02-04,162.0,168.0,161.0,162.0,247968300
2019-02-05,162.0,162.0,162.0,162.0,0
2019-02-06,162.0,167.0,157.0,163.0,233523000
2019-02-07,158.0,165.0,158.0,164.0,256957500
2019-02-08,154.0,158.0,153.0,158.0,208284400
2019-02-11,148.0,155.0,146.0,154.0,228631500
2019-02-12,166.0,167.0,147.0,148.0,801678600
2019-02-13,163.0,174.0,158.0,168.0,1795731000
2019-02-14,153.0,166.0,152.0,165.0,466660300
2019-02-15,151.0,156.0,146.0,153.0,459593900
2019-02-18,153.0,157.0,151.0,153.0,276159500
2019-02-19,154.0,161.0,152.0,155.0,572725100
2019-02-20,150.0,155.0,150.0,154.0,292858100
2019-02-21,163.0,163.0,150.0,151.0,741730200
2019-02-22,158.0,167.0,157.0,163.0,700214700
2019-02-25,156.0,167.0,156.0,167.0,194757200
2019-02-26,152.0,158.0,151.0,156.0,131697300
2019-02-27,155.0,156.0,152.0,155.0,145298500
2019-02-28,150.0,157.0,148.0,154.0,242081500
2019-03-01,152.0,154.0,150.0,151.0,126140400
2019-03-04,153.0,157.0,152.0,154.0,386747300
2019-03-05,148.0,155.0,147.0,154.0,301919700
2019-03-06,148.0,152.0,147.0,150.0,158580900
2019-03-07,148.0,148.0,148.0,148.0,0
2019-03-08,142.0,150.0,141.0,150.0,151121500
2019-03-11,132.0,143.0,131.0,142.0,382372400
2019-03-12,130.0,137.0,127.0,133.0,296148000
2019-03-13,129.0,133.0,128.0,132.0,120235600
2019-03-14,130.0,134.0,127.0,130.0,237810400
2019-03-15,133.0,138.0,130.0,131.0,395553900
2019-03-18,129.0,134.0,129.0,134.0,184929600
2019-03-19,130.0,133.0,129.0,130.0,222969700
2019-03-20,137.0,138.0,130.0,131.0,488626800
2019-03-21,133.0,141.0,132.0,139.0,424394300
2019-03-22,133.0,136.0,133.0,134.0,198799900
2019-03-25,129.0,132.0,128.0,132.0,228148700
2019-03-26,129.0,132.0,129.0,130.0,104516500
2019-03-27,129.0,132.0,128.0,131.0,102376000
2019-03-28,127.0,131.0,127.0,131.0,94209500
2019-03-29,123.0,129.0,122.0,128.0,228890800
2019-04-01,122.0,125.0,120.0,123.0,119260500
2019-04-02,122.0,126.0,121.0,124.0,145875100
2019-04-03,122.0,122.0,122.0,122.0,0
2019-04-04,117.0,124.0,116.0,124.0,175416900
2019-04-05,113.0,119.0,112.0,118.0,180098700
2019-04-08,112.0,116.0,110.0,115.0,145839300
2019-04-09,116.0,119.0,112.0,115.0,373178100
2019-04-10,117.0,119.0,115.0,118.0,221003900
2019-04-11,112.0,118.0,111.0,118.0,195787300
2019-04-12,110.0,114.0,110.0,112.0,199833100
2019-04-15,112.0,113.0,110.0,110.0,154014900
2019-04-16,113.0,115.0,110.0,112.0,174433300
2019-04-17,113.0,113.0,113.0,113.0,0
2019-04-18,113.0,116.0,113.0,116.0,159539500
2019-04-19,113.0,113.0,113.0,113.0,0
2019-04-22,113.0,114.0,110.0,114.0,126407200
2019-04-23,125.0,125.0,113.0,114.0,753048500
2019-04-24,121.0,128.0,120.0,127.0,410252000
2019-04-25,123.0,126.0,118.0,120.0,526640800
2019-04-26,123.0,125.0,121.0,123.0,136746800
2019-04-29,129.0,131.0,122.0,123.0,603340900
2019-04-30,123.0,130.0,123.0,129.0,354628500
2019-05-01,123.0,123.0,123.0,123.0,0
2019-05-02,124.0,126.0,121.0,123.0,276854600
2019-05-03,123.0,126.0,121.0,124.0,278542800
2019-05-06,118.0,123.0,114.0,123.0,288975800
2019-05-07,130.0,130.0,119.0,119.0,630844500
2019-05-08,127.0,133.0,126.0,128.0,594362900
2019-05-09,120.0,128.0,120.0,127.0,219314200
2019-05-10,124.0,126.0,119.0,121.0,254153100
2019-05-13,125.0,126.0,122.0,124.0,215646500
2019-05-14,126.0,129.0,119.0,119.0,283250400
2019-05-15,117.0,128.0,117.0,126.0,391870900
2019-05-16,114.0,122.0,114.0,119.0,215777400
2019-05-17,112.0,118.0,112.0,115.0,159312800
2019-05-20,114.0,115.0,106.0,112.0,162673700
2019-05-21,115.0,119.0,113.0,114.0,237233000
2019-05-22,113.0,117.0,112.0,117.0,123678300
2019-05-23,115.0,118.0,113.0,116.0,122094700
2019-05-24,114.0,118.0,113.0,118.0,71831300
2019-05-27,115.0,117.0,114.0,115.0,115483400
2019-05-28,114.0,117.0,113.0,117.0,156603400
2019-05-29,117.0,120.0,114.0,117.0,176189000
2019-05-30,117.0,117.0,117.0,117.0,0
2019-05-31,118.0,120.0,116.0,119.0,134257900
2019-06-03,118.0,118.0,118.0,118.0,0
2019-06-04,118.0,118.0,118.0,118.0,0
2019-06-05,118.0,118.0,118.0,118.0,0
2019-06-06,118.0,118.0,118.0,118.0,0
2019-06-07,118.0,118.0,118.0,118.0,0
2019-06-10,122.0,123.0,117.0,120.0,189820200
2019-06-11,125.0,127.0,120.0,122.0,286264100
2019-06-12,123.0,129.0,122.0,125.0,247130900
2019-06-13,120.0,124.0,119.0,124.0,152733700
2019-06-14,119.0,122.0,119.0,121.0,64771400
2019-06-17,118.0,125.0,118.0,122.0,188641100
2019-06-18,118.0,120.0,117.0,119.0,95647500
2019-06-19,119.0,123.0,118.0,119.0,223860200
2019-06-20,120.0,121.0,119.0,121.0,88959400
2019-06-21,121.0,121.0,117.0,120.0,158556600
2019-06-24,119.0,125.0,118.0,125.0,80835800
2019-06-25,130.0,131.0,116.0,119.0,688746300
2019-06-26,120.0,131.0,119.0,131.0,1146347600
2019-06-27,119.0,123.0,119.0,120.0,246407300
2019-06-28,119.0,122.0,119.0,120.0,171872400
2019-07-01,122.0,124.0,119.0,121.0,310834400
2019-07-02,120.0,124.0,119.0,122.0,209705000
2019-07-03,119.0,121.0,118.0,120.0,120481500
2019-07-04,118.0,122.0,118.0,120.0,230974700
2019-07-05,122.0,123.0,119.0,120.0,298841100
2019-07-08,118.0,123.0,118.0,121.0,139040800
2019-07-09,119.0,120.0,118.0,119.0,88101200
2019-07-10,119.0,122.0,119.0,120.0,130831700
2019-07-11,118.0,121.0,118.0,120.0,94415300
2019-07-12,118.0,120.0,117.0,118.0,174630500
2019-07-15,117.0,119.0,117.0,119.0,120792800
2019-07-16,117.0,119.0,116.0,118.0,119399300
2019-07-17,115.0,117.0,114.0,117.0,182782400
2019-07-18,117.0,119.0,114.0,114.0,141880000
2019-07-19,116.0,119.0,116.0,119.0,88622700
2019-07-22,116.0,118.0,116.0,116.0,86245500
2019-07-23,116.0,118.0,115.0,118.0,62571000
2019-07-24,115.0,117.0,115.0,116.0,86108600
2019-07-25,114.0,117.0,113.0,117.0,192276100
2019-07-26,111.0,115.0,111.0,113.0,301076600
2019-07-29,109.0,112.0,109.0,111.0,129679700
2019-07-30,109.0,112.0,108.0,109.0,187947800
2019-07-31,108.0,110.0,108.0,109.0,79527400
2019-08-01,114.0,115.0,107.0,107.0,241743600
2019-08-02,111.0,114.0,111.0,112.0,209953600
2019-08-05,106.0,112.0,105.0,111.0,116969700
2019-08-06,103.0,105.0,102.0,105.0,111384500
2019-08-07,104.0,107.0,103.0,104.0,103088400
2019-08-08,103.0,107.0,102.0,104.0,251289700
2019-08-09,103.0,105.0,103.0,104.0,84957400
2019-08-12,103.0,106.0,103.0,104.0,114907300
2019-08-13,100.0,104.0,99.0,104.0,342224500
2019-08-14,100.0,103.0,99.0,100.0,136449700
2019-08-15,99.0,101.0,97.0,100.0,104751500
2019-08-16,95.0,105.0,93.0,100.0,870408600
2019-08-19,94.0,97.0,94.0,96.0,103189000
2019-08-20,95.0,96.0,94.0,94.0,77309100
2019-08-21,94.0,96.0,94.0,95.0,72430000
2019-08-22,92.0,95.0,92.0,94.0,82560800
2019-08-23,92.0,96.0,92.0,94.0,156174200
2019-08-26,89.0,92.0,89.0,92.0,172848600
2019-08-27,91.0,92.0,89.0,90.0,95965800
2019-08-28,90.0,92.0,89.0,91.0,112130600
2019-08-29,95.0,99.0,90.0,90.0,508025100
2019-08-30,94.0,97.0,93.0,96.0,170693200
2019-09-02,92.0,95.0,92.0,95.0,141201900
2019-09-03,91.0,95.0,91.0,92.0,147992900
2019-09-04,91.0,95.0,90.0,92.0,225351300
2019-09-05,91.0,93.0,90.0,92.0,91955200
2019-09-06,93.0,96.0,91.0,92.0,313243000
2019-09-09,95.0,97.0,93.0,95.0,411745800
2019-09-10,94.0,96.0,93.0,95.0,143185000
2019-09-11,102.0,102.0,94.0,95.0,657559200
2019-09-12,97.0,104.0,97.0,103.0,486823600
2019-09-13,96.0,99.0,95.0,98.0,202286800
2019-09-16,98.0,101.0,95.0,96.0,291832000
2019-09-17,98.0,101.0,98.0,98.0,159869700
2019-09-18,96.0,99.0,95.0,98.0,133812600
2019-09-19,94.0,98.0,94.0,98.0,90447100
2019-09-20,94.0,95.0,93.0,95.0,94545400
2019-09-23,93.0,95.0,93.0,94.0,69278800
2019-09-24,91.0,99.0,90.0,99.0,181206800
2019-09-25,91.0,99.0,90.0,99.0,77686500
2019-09-26,92.0,93.0,91.0,92.0,40920900
2019-09-27,91.0,93.0,90.0,92.0,90866800
2019-09-30,90.0,92.0,90.0,92.0,77947300
2019-10-01,90.0,92.0,90.0,91.0,68721500
2019-10-02,87.0,90.0,86.0,90.0,118805600
2019-10-03,86.0,87.0,84.0,86.0,103149800
2019-10-04,85.0,86.0,83.0,86.0,176045600
2019-10-07,79.0,86.0,78.0,85.0,225300500
2019-10-08,81.0,83.0,79.0,79.0,143952900
2019-10-09,83.0,86.0,81.0,81.0,247602700
2019-10-10,81.0,84.0,80.0,83.0,95096700
2019-10-11,84.0,84.0,81.0,82.0,108765700
2019-10-14,82.0,85.0,82.0,84.0,65156900
2019-10-15,83.0,84.0,82.0,83.0,30205700
2019-10-16,84.0,88.0,83.0,83.0,334816900
2019-10-17,84.0,86.0,82.0,85.0,97423000
2019-10-18,85.0,86.0,83.0,84.0,155296900
2019-10-21,84.0,86.0,83.0,85.0,152905200
2019-10-22,83.0,85.0,82.0,84.0,100352300
2019-10-23,83.0,85.0,82.0,83.0,83694000
2019-10-24,85.0,88.0,82.0,84.0,390818700
2019-10-25,86.0,88.0,84.0,85.0,188428600
2019-10-28,99.0,99.0,86.0,86.0,878225500
2019-10-29,94.0,100.0,92.0,100.0,711931500
2019-10-30,88.0,94.0,87.0,93.0,708865800
2019-10-31,85.0,90.0,84.0,89.0,293519400
2019-11-01,83.0,87.0,82.0,85.0,362928700
2019-11-04,82.0,86.0,80.0,84.0,387505100
2019-11-05,84.0,86.0,81.0,83.0,375320500
2019-11-06,84.0,87.0,83.0,85.0,381261200
2019-11-07,79.0,86.0,79.0,85.0,514218700
2019-11-08,81.0,82.0,79.0,80.0,282685400
2019-11-11,80.0,82.0,79.0,82.0,98292500
2019-11-12,80.0,81.0,79.0,81.0,113672200
2019-11-13,78.0,81.0,78.0,81.0,224686100
2019-11-14,77.0,79.0,76.0,79.0,141472300
2019-11-15,77.0,79.0,77.0,77.0,68961900
2019-11-18,78.0,79.0,77.0,78.0,64183200
2019-11-19,77.0,79.0,77.0,78.0,53905200
2019-11-20,76.0,78.0,75.0,77.0,139017400
2019-11-21,75.0,77.0,73.0,75.0,138807500
2019-11-22,74.0,77.0,74.0,75.0,146536700
2019-11-25,73.0,76.0,72.0,74.0,105186800
2019-11-26,70.0,75.0,68.0,75.0,248895000
2019-11-27,66.0,71.0,65.0,71.0,269182200
2019-11-28,63.0,67.0,63.0,64.0,145313500
2019-11-29,65.0,68.0,62.0,65.0,148835300
2019-12-02,72.0,72.0,65.0,65.0,292612600
2019-12-03,67.0,72.0,67.0,71.0,199016500
2019-12-04,67.0,69.0,66.0,68.0,80856500
2019-12-05,68.0,69.0,67.0,68.0,91628300
2019-12-06,67.0,69.0,67.0,68.0,47065700
2019-12-09,66.0,69.0,64.0,67.0,193487200
2019-12-10,68.0,69.0,66.0,67.0,171917900
2019-12-11,72.0,73.0,67.0,68.0,435115900
2019-12-12,67.0,73.0,66.0,72.0,438899800
2019-12-13,67.0,69.0,66.0,68.0,185043100
2019-12-16,69.0,71.0,67.0,68.0,353394900
2019-12-17,69.0,72.0,68.0,69.0,224860700
2019-12-18,68.0,70.0,67.0,69.0,120955700
2019-12-19,67.0,69.0,66.0,69.0,148131800
2019-12-20,65.0,68.0,64.0,68.0,221835100
2019-12-23,66.0,67.0,65.0,65.0,123314600
2019-12-26,68.0,68.0,66.0,67.0,82635200
2019-12-27,66.0,68.0,65.0,68.0,142678200
2019-12-30,66.0,67.0,65.0,66.0,140026200
2020-01-02,66.0,67.0,66.0,66.0,46639800
2020-01-03,73.0,74.0,66.0,66.0,584259800
2020-01-06,69.0,73.0,68.0,73.0,388234900
2020-01-07,69.0,70.0,68.0,69.0,106576500
2020-01-08,68.0,69.0,66.0,69.0,173963700
2020-01-09,68.0,69.0,66.0,68.0,199940000
2020-01-10,71.0,75.0,68.0,69.0,1034709200
2020-01-13,72.0,75.0,70.0,72.0,501405700
2020-01-14,71.0,74.0,70.0,73.0,295481700
2020-01-15,67.0,71.0,67.0,71.0,260937000
2020-01-16,68.0,69.0,66.0,67.0,183821300
2020-01-17,66.0,69.0,65.0,68.0,308712400
2020-01-20,65.0,67.0,65.0,66.0,167518300
2020-01-21,65.0,66.0,64.0,65.0,153268600
2020-01-22,63.0,65.0,63.0,65.0,191755600
2020-01-23,61.0,63.0,59.0,63.0,366928300
2020-01-24,56.0,62.0,55.0,61.0,483738900
2020-01-27,51.0,58.0,50.0,58.0,912945700
2020-01-28,56.0,58.0,50.0,51.0,495705700
2020-01-29,57.0,60.0,55.0,56.0,474601300
2020-01-30,54.0,58.0,54.0,56.0,284080700
2020-01-31,53.0,56.0,52.0,54.0,232809900
2020-02-03,53.0,53.0,51.0,52.0,171176500
2020-02-04,53.0,54.0,52.0,52.0,142181200
2020-02-05,51.0,56.0,50.0,54.0,438410500
2020-02-06,53.0,53.0,51.0,51.0,141438000
2020-02-07,53.0,54.0,51.0,53.0,150247200
2020-02-10,52.0,53.0,51.0,51.0,69300500
2020-02-11,52.0,53.0,51.0,51.0,49992900
2020-02-12,52.0,53.0,51.0,52.0,56995900
2020-02-13,52.0,53.0,51.0,51.0,85572200
2020-02-14,51.0,52.0,51.0,51.0,41576000
2020-02-17,51.0,53.0,51.0,51.0,82901500
2020-02-18,52.0,52.0,51.0,51.0,80600000
2020-02-19,51.0,53.0,51.0,52.0,59714300
2020-02-20,50.0,52.0,50.0,51.0,217721900
2020-02-21,50.0,51.0,50.0,50.0,118994600
2020-02-24,50.0,51.0,50.0,51.0,201346100
2020-02-25,50.0,50.0,50.0,50.0,16260600
2020-02-26,50.0,50.0,50.0,50.0,7151100
2020-02-27,50.0,50.0,50.0,50.0,5149500
2020-02-28,50.0,50.0,50.0,50.0,85283900
2020-03-02,50.0,50.0,50.0,50.0,45892100
2020-03-03,50.0,50.0,50.0,50.0,8002800
2020-03-04,50.0,50.0,50.0,50.0,5029600
2020-03-05,50.0,50.0,50.0,50.0,3208400
2020-03-06,50.0,50.0,50.0,50.0,939400
2020-03-09,50.0,50.0,50.0,50.0,2697100
2020-03-10,50.0,50.0,50.0,50.0,1015500
2020-03-11,50.0,50.0,50.0,50.0,2949900
2020-03-12,50.0,50.0,50.0,50.0,5705400
2020-03-13,50.0,50.0,50.0,50.0,3650000
2020-03-16,50.0,50.0,50.0,50.0,2321800
2020-03-17,50.0,50.0,50.0,50.0,1332300
2020-03-18,50.0,50.0,50.0,50.0,3501000
2020-03-19,50.0,50.0,50.0,50.0,92100
2020-03-20,50.0,50.0,50.0,50.0,2335100
2020-03-23,50.0,50.0,50.0,50.0,1178900
2020-03-24,50.0,50.0,50.0,50.0,534200
2020-03-26,50.0,50.0,50.0,50.0,5256600
2020-03-27,50.0,50.0,50.0,50.0,5138500
2020-03-30,50.0,50.0,50.0,50.0,1234200
2020-03-31,50.0,50.0,50.0,50.0,511500
2020-04-01,50.0,50.0,50.0,50.0,2142900
2020-04-02,50.0,50.0,50.0,50.0,6863500
2020-04-03,50.0,50.0,50.0,50.0,4265600
2020-04-06,50.0,50.0,50.0,50.0,3123100
2020-04-07,50.0,50.0,50.0,50.0,1342700
2020-04-08,50.0,50.0,50.0,50.0,746400
2020-04-09,50.0,50.0,50.0,50.0,2214100
2020-04-13,50.0,50.0,50.0,50.0,8657700
2020-04-14,50.0,50.0,50.0,50.0,11979600
2020-04-15,50.0,50.0,50.0,50.0,6341100
2020-04-16,50.0,50.0,50.0,50.0,716600
2020-04-17,50.0,50.0,50.0,50.0,14560400
2020-04-20,50.0,50.0,50.0,50.0,4668300
2020-04-21,50.0,50.0,50.0,50.0,280800
2020-04-22,50.0,50.0,50.0,50.0,512600
2020-04-23,50.0,50.0,50.0,50.0,465100
2020-04-24,50.0,50.0,50.0,50.0,2578700
2020-04-27,50.0,50.0,50.0,50.0,966600
2020-04-28,50.0,50.0,50.0,50.0,505600
2020-04-29,50.0,50.0,50.0,50.0,2656200
2020-04-30,50.0,50.0,50.0,50.0,1242500
2020-05-04,50.0,50.0,50.0,50.0,1503800
2020-05-05,50.0,50.0,50.0,50.0,2318200
2020-05-06,50.0,50.0,50.0,50.0,609200
2020-05-08,50.0,50.0,50.0,50.0,5595200
2020-05-11,50.0,50.0,50.0,50.0,1444900
2020-05-12,50.0,50.0,50.0,50.0,14995600
2020-05-13,50.0,50.0,50.0,50.0,1375500
2020-05-14,50.0,50.0,50.0,50.0,1788900
2020-05-15,50.0,50.0,50.0,50.0,30241700
2020-05-18,50.0,50.0,50.0,50.0,10780400
2020-05-19,50.0,50.0,50.0,50.0,2885500
2020-05-20,50.0,50.0,50.0,50.0,22613200
2020-05-26,50.0,50.0,50.0,50.0,17378500
2020-05-27,50.0,50.0,50.0,50.0,7344800
2020-05-28,50.0,50.0,50.0,50.0,948100
2020-05-29,50.0,50.0,50.0,50.0,2314500
2020-06-02,50.0,50.0,50.0,50.0,11592000
2020-06-03,50.0,50.0,50.0,50.0,4620600
2020-06-04,50.0,50.0,50.0,50.0,5412500
2020-06-05,50.0,50.0,50.0,50.0,13494300
2020-06-08,50.0,50.0,50.0,50.0,52268800
2020-06-09,50.0,50.0,50.0,50.0,28581000
2020-06-10,50.0,50.0,50.0,50.0,15338700
2020-06-11,50.0,50.0,50.0,50.0,72794900
2020-06-12,50.0,50.0,50.0,50.0,710200
2020-06-15,50.0,50.0,50.0,50.0,954100
2020-06-16,50.0,50.0,50.0,50.0,2684000
2020-06-17,50.0,50.0,50.0,50.0,439000
2020-06-18,50.0,50.0,50.0,50.0,2593600
2020-06-19,50.0,50.0,50.0,50.0,602400
2020-06-22,50.0,50.0,50.0,50.0,862000
2020-06-23,50.0,50.0,50.0,50.0,336900
2020-06-24,50.0,50.0,50.0,50.0,540900
2020-06-25,50.0,50.0,50.0,50.0,720700
2020-06-26,50.0,50.0,50.0,50.0,1508000
2020-06-29,50.0,50.0,50.0,50.0,437300
2020-06-30,50.0,50.0,50.0,50.0,133000
2020-07-01,50.0,50.0,50.0,50.0,303000
2020-07-02,50.0,50.0,50.0,50.0,149200
2020-07-03,50.0,50.0,50.0,50.0,114400
2020-07-06,50.0,50.0,50.0,50.0,694700
2020-07-07,50.0,50.0,50.0,50.0,40309700
2020-07-08,50.0,50.0,50.0,50.0,117356400
2020-07-09,50.0,50.0,50.0,50.0,4715600
2020-07-10,50.0,50.0,50.0,50.0,685200
2020-07-13,50.0,50.0,50.0,50.0,1691900
2020-07-14,50.0,50.0,50.0,50.0,617200
2020-07-15,50.0,50.0,50.0,50.0,880900
2020-07-16,50.0,50.0,50.0,50.0,387500
2020-07-17,50.0,50.0,50.0,50.0,19736000
2020-07-20,50.0,50.0,50.0,50.0,672600
2020-07-21,50.0,50.0,50.0,50.0,5537100
2020-07-22,50.0,50.0,50.0,50.0,2090100
2020-07-23,50.0,50.0,50.0,50.0,2037200
2020-07-24,50.0,50.0,50.0,50.0,3967700
2020-07-27,50.0,50.0,50.0,50.0,2639100
2020-07-28,50.0,50.0,50.0,50.0,391000
2020-07-29,50.0,50.0,50.0,50.0,437600
2020-07-30,50.0,50.0,50.0,50.0,291400
2020-08-03,50.0,50.0,50.0,50.0,384600
2020-08-04,50.0,50.0,50.0,50.0,298700
2020-08-05,50.0,50.0,50.0,50.0,7178400
2020-08-06,50.0,50.0,50.0,50.0,7242500
2020-08-07,50.0,50.0,50.0,50.0,8858000
2020-08-10,50.0,50.0,50.0,50.0,7832200
2020-08-11,50.0,50.0,50.0,50.0,9475700
2020-08-12,50.0,50.0,50.0,50.0,7888300
2020-08-13,50.0,50.0,50.0,50.0,6499200
2020-08-14,50.0,50.0,50.0,50.0,3516300
2020-08-18,50.0,50.0,50.0,50.0,447800
2020-08-19,50.0,50.0,50.0,50.0,1058700
2020-08-24,50.0,50.0,50.0,50.0,1812200
2020-08-25,50.0,50.0,50.0,50.0,503100
2020-08-26,50.0,50.0,50.0,50.0,8916200
2020-08-27,50.0,50.0,50.0,50.0,7920200
2020-08-28,50.0,50.0,50.0,50.0,2212700
2020-08-31,50.0,50.0,50.0,50.0,3903400
2020-09-01,50.0,50.0,50.0,50.0,2331500
2020-09-02,50.0,52.0,50.0,50.0,1381787300
2020-09-03,52.0,58.0,50.0,50.0,4610670100
2020-09-04,51.0,54.0,50.0,51.0,879859300
2020-09-07,52.0,54.0,50.0,51.0,518104000
2020-09-08,50.0,53.0,50.0,52.0,1173460400
2020-09-09,50.0,50.0,50.0,50.0,35193200
2020-09-10,50.0,50.0,50.0,50.0,949200
2020-09-11,50.0,50.0,50.0,50.0,1564500
2020-09-14,50.0,50.0,50.0,50.0,7572000
2020-09-15,50.0,54.0,50.0,50.0,806098400
2020-09-16,50.0,52.0,50.0,50.0,203064900
2020-09-17,50.0,51.0,50.0,50.0,201984400
2020-09-18,50.0,51.0,50.0,50.0,127397000
2020-09-21,50.0,51.0,50.0,50.0,81561100
2020-09-22,50.0,50.0,50.0,50.0,9022500
2020-09-23,50.0,50.0,50.0,50.0,18364400
2020-09-24,50.0,50.0,50.0,50.0,855300
2020-09-25,50.0,50.0,50.0,50.0,6328600
2020-09-28,50.0,50.0,50.0,50.0,2009300
2020-09-29,50.0,51.0,50.0,50.0,192231300
2020-09-30,50.0,50.0,50.0,50.0,18872600
2020-10-01,50.0,50.0,50.0,50.0,14375400
2020-10-02,50.0,51.0,50.0,50.0,6376000
2020-10-05,50.0,50.0,50.0,50.0,8471100
2020-10-06,50.0,51.0,50.0,50.0,94971800
2020-10-07,51.0,51.0,50.0,50.0,64913000
2020-10-08,50.0,51.0,50.0,50.0,35543500
2020-10-09,50.0,51.0,50.0,50.0,28498100
2020-10-12,50.0,51.0,50.0,50.0,21524600
2020-10-13,50.0,50.0,50.0,50.0,8003000
2020-10-14,50.0,50.0,50.0,50.0,2686100
2020-10-15,50.0,50.0,50.0,50.0,2389600
2020-10-16,50.0,50.0,50.0,50.0,760700
2020-10-19,50.0,50.0,50.0,50.0,34508500
2020-10-20,50.0,50.0,50.0,50.0,2908200
2020-10-21,50.0,50.0,50.0,50.0,1238000
2020-10-22,50.0,50.0,50.0,50.0,1020300
2020-10-23,50.0,50.0,50.0,50.0,5893100
2020-10-26,50.0,50.0,50.0,50.0,1747800
2020-10-27,50.0,50.0,50.0,50.0,5141900
2020-11-02,50.0,53.0,50.0,50.0,359110300
2020-11-03,51.0,53.0,50.0,50.0,353113100
2020-11-04,50.0,53.0,50.0,52.0,300380700
2020-11-05,50.0,51.0,50.0,50.0,107894000
2020-11-06,50.0,51.0,50.0,50.0,142735300
2020-11-09,50.0,51.0,50.0,51.0,117609400
2020-11-10,50.0,51.0,50.0,51.0,43973600
2020-11-11,50.0,51.0,50.0,50.0,193153200
2020-11-12,50.0,50.0,50.0,50.0,24804600
2020-11-13,50.0,50.0,50.0,50.0,17923600
2020-11-16,50.0,50.0,50.0,50.0,8821600
2020-11-17,50.0,50.0,50.0,50.0,10143100
2020-11-18,50.0,50.0,50.0,50.0,3541700
2020-11-19,50.0,50.0,50.0,50.0,27359200
2020-11-20,50.0,51.0,50.0,50.0,174531500
2020-11-23,53.0,54.0,50.0,50.0,782943500
2020-11-24,57.0,58.0,53.0,54.0,1361862900
2020-11-25,72.0,75.0,58.0,58.0,3895139900
2020-11-26,76.0,79.0,73.0,73.0,2186405900
2020-11-27,71.0,80.0,71.0,77.0,1673442700
2020-11-30,67.0,73.0,67.0,71.0,1548291000
2020-12-01,63.0,71.0,63.0,68.0,1279424700
2020-12-02,59.0,64.0,59.0,64.0,1000637900
2020-12-03,71.0,71.0,56.0,59.0,2646295700
2020-12-04,68.0,74.0,67.0,74.0,1807306000
2020-12-07,70.0,75.0,69.0,69.0,1120226600
2020-12-08,73.0,77.0,70.0,71.0,1514295800
2020-12-10,70.0,75.0,68.0,74.0,802558200
2020-12-11,69.0,73.0,67.0,72.0,416991000
2020-12-14,71.0,73.0,70.0,71.0,475862800
2020-12-15,70.0,73.0,68.0,72.0,404795000
2020-12-16,70.0,72.0,69.0,71.0,363331300
2020-12-17,83.0,89.0,69.0,69.0,4148940000
2020-12-18,81.0,87.0,78.0,85.0,1442773700
2020-12-21,78.0,83.0,77.0,82.0,670145900
2020-12-22,73.0,83.0,73.0,78.0,863583800
2020-12-23,72.0,76.0,68.0,74.0,513716000
2020-12-28,75.0,79.0,71.0,73.0,813897500
2020-12-29,73.0,79.0,73.0,76.0,754606600
2020-12-30,72.0,75.0,71.0,74.0,402525400
2021-01-04,74.0,77.0,70.0,72.0,607961300
2021-01-05,74.0,76.0,73.0,75.0,269312200
2021-01-06,71.0,75.0,70.0,75.0,416612800
2021-01-07,73.0,75.0,71.0,71.0,475552700
2021-01-08,78.0,81.0,73.0,73.0,1385069300
2021-01-11,79.0,82.0,76.0,79.0,787176300
2021-01-12,77.0,80.0,76.0,79.0,313498800
2021-01-13,103.0,103.0,78.0,78.0,4689769000
2021-01-14,105.0,122.0,100.0,107.0,5445235800
2021-01-15,120.0,123.0,104.0,106.0,3391371500
2021-01-18,130.0,156.0,116.0,120.0,6525182300
2021-01-19,121.0,138.0,121.0,130.0,2874177400
2021-01-20,113.0,120.0,113.0,120.0,194654200
2021-01-21,106.0,111.0,106.0,106.0,358591300
2021-01-22,99.0,100.0,99.0,100.0,181549700
2021-01-25,93.0,93.0,93.0,93.0,61258200
2021-01-26,87.0,87.0,87.0,87.0,108915400
2021-01-27,81.0,81.0,81.0,81.0,33515400
2021-01-28,76.0,76.0,76.0,76.0,72511500
2021-01-29,71.0,71.0,71.0,71.0,65940400
2021-02-01,67.0,67.0,67.0,67.0,674423400
2021-02-02,63.0,76.0,63.0,63.0,5443770300
2021-02-03,60.0,65.0,59.0,65.0,1492884900
2021-02-04,56.0,64.0,56.0,60.0,1198094000
2021-02-05,63.0,65.0,55.0,57.0,2179604200
2021-02-08,66.0,67.0,63.0,63.0,1104142300
2021-02-09,65.0,71.0,64.0,67.0,1094297200
2021-02-10,66.0,67.0,65.0,66.0,289955200
2021-02-11,65.0,67.0,65.0,66.0,289231000
2021-02-15,65.0,67.0,64.0,66.0,223005300
2021-02-16,64.0,66.0,63.0,65.0,257163900
2021-02-17,61.0,64.0,60.0,64.0,497571200
2021-02-18,60.0,62.0,59.0,61.0,269847400
2021-02-19,58.0,60.0,56.0,59.0,832781700
2021-02-22,61.0,63.0,57.0,58.0,615559500
2021-02-23,62.0,65.0,60.0,65.0,316294100
2021-02-24,59.0,63.0,59.0,63.0,254453100
2021-02-25,65.0,65.0,60.0,60.0,561792800
2021-02-26,61.0,64.0,61.0,64.0,777444800
2021-03-01,62.0,64.0,61.0,62.0,536660000
2021-03-02,62.0,64.0,61.0,63.0,241565700
2021-03-03,61.0,63.0,60.0,62.0,372785300
2021-03-04,61.0,62.0,60.0,62.0,391919000
2021-03-05,60.0,61.0,59.0,61.0,175132200
2021-03-08,59.0,61.0,58.0,60.0,345630000
2021-03-09,59.0,60.0,58.0,59.0,202832800
2021-03-10,59.0,60.0,58.0,60.0,95008200
2021-03-12,61.0,65.0,60.0,60.0,909000000
2021-03-15,61.0,64.0,61.0,62.0,330925300
2021-03-16,60.0,62.0,59.0,61.0,218140100
2021-03-17,60.0,61.0,59.0,61.0,239408600
2021-03-18,61.0,63.0,59.0,61.0,503254200
2021-03-19,62.0,65.0,61.0,61.0,695945200
2021-03-22,68.0,68.0,62.0,63.0,1356625500
2021-03-23,73.0,77.0,68.0,68.0,2702947000
2021-03-24,68.0,72.0,68.0,71.0,788870200
2021-03-25,65.0,67.0,64.0,66.0,864066000
2021-03-26,65.0,66.0,62.0,65.0,562675200
2021-03-29,61.0,66.0,61.0,66.0,359704500
2021-03-30,60.0,63.0,59.0,61.0,257168600
2021-03-31,59.0,63.0,58.0,61.0,458213200
2021-04-01,60.0,62.0,59.0,60.0,256844100
2021-04-05,60.0,62.0,60.0,61.0,165503900
2021-04-06,60.0,61.0,59.0,61.0,131428000
2021-04-07,60.0,61.0,59.0,61.0,119018200
2021-04-08,63.0,63.0,60.0,60.0,421986600
2021-04-09,62.0,63.0,61.0,63.0,200631300
2021-04-12,60.0,63.0,59.0,62.0,254824700
2021-04-13,59.0,61.0,59.0,60.0,119434100
2021-04-14,60.0,61.0,59.0,59.0,186360200
2021-04-15,60.0,61.0,59.0,60.0,179768500
2021-04-16,61.0,61.0,59.0,60.0,110192700
2021-04-19,61.0,62.0,60.0,61.0,157739200
2021-04-20,62.0,62.0,60.0,61.0,150285400
2021-04-21,62.0,62.0,60.0,61.0,92288700
2021-04-22,65.0,65.0,61.0,62.0,560619300
2021-04-23,65.0,67.0,62.0,65.0,500288400
2021-04-26,64.0,65.0,63.0,65.0,166159500
2021-04-27,62.0,65.0,61.0,64.0,272029600
2021-04-28,61.0,63.0,60.0,63.0,154222000
2021-04-29,62.0,63.0,61.0,61.0,165597200
2021-04-30,63.0,64.0,61.0,62.0,275721500
2021-05-03,67.0,67.0,62.0,63.0,790403100
2021-05-04,65.0,69.0,64.0,68.0,528015500
2021-05-05,63.0,66.0,63.0,65.0,194730400
2021-05-06,64.0,65.0,63.0,63.0,159558000
2021-05-07,63.0,65.0,63.0,64.0,229168500
2021-05-10,62.0,64.0,61.0,64.0,237034300
2021-05-11,63.0,64.0,61.0,62.0,369093500
2021-05-17,60.0,65.0,60.0,63.0,357801100
2021-05-18,62.0,63.0,60.0,60.0,124961800
2021-05-19,61.0,63.0,60.0,62.0,158944700
2021-05-20,60.0,62.0,60.0,61.0,205597900
2021-05-21,60.0,62.0,60.0,61.0,134303800
2021-05-24,59.0,62.0,59.0,61.0,224104700
2021-05-25,61.0,62.0,59.0,60.0,388403800
2021-05-27,60.0,62.0,60.0,61.0,308940000
2021-05-28,60.0,62.0,60.0,60.0,149541700
2021-05-31,60.0,61.0,59.0,61.0,228866300
2021-06-02,61.0,63.0,60.0,61.0,587030900
2021-06-03,61.0,65.0,61.0,62.0,835163400
2021-06-04,61.0,62.0,60.0,62.0,171929400
2021-06-07,60.0,62.0,60.0,61.0,171014600
2021-06-08,61.0,64.0,60.0,60.0,644479500
2021-06-09,61.0,63.0,60.0,62.0,451596000
2021-06-10,60.0,61.0,60.0,60.0,233720900
2021-06-11,63.0,66.0,60.0,61.0,1400047400
2021-06-14,61.0,64.0,61.0,64.0,342889200
2021-06-15,61.0,62.0,60.0,61.0,415433400
2021-06-16,61.0,62.0,60.0,61.0,154223900
2021-06-17,60.0,62.0,60.0,61.0,104716200
2021-06-18,58.0,61.0,57.0,61.0,677879500
2021-06-21,58.0,59.0,57.0,57.0,211400500
2021-06-22,59.0,60.0,58.0,59.0,147428200
2021-06-23,60.0,63.0,59.0,59.0,761211000
2021-06-24,59.0,61.0,59.0,61.0,243456800
2021-06-25,59.0,61.0,59.0,60.0,206503400
2021-06-28,58.0,63.0,58.0,60.0,235336800
2021-06-29,59.0,60.0,58.0,59.0,272846300
2021-06-30,60.0,64.0,58.0,60.0,1191870100
2021-07-01,60.0,62.0,60.0,60.0,377451700
2021-07-02,60.0,62.0,60.0,61.0,231199600
2021-07-05,60.0,61.0,59.0,61.0,158973200
2021-07-06,60.0,61.0,60.0,60.0,203406800
2021-07-07,59.0,61.0,59.0,61.0,166210800
2021-07-08,59.0,60.0,59.0,60.0,109152200
2021-07-09,60.0,61.0,58.0,60.0,561079100
2021-07-12,59.0,61.0,58.0,60.0,488026800
2021-07-13,58.0,60.0,58.0,59.0,242280300
2021-07-14,57.0,59.0,56.0,58.0,324776800
2021-07-15,57.0,58.0,57.0,57.0,86670000
2021-07-16,58.0,58.0,57.0,57.0,74274600
2021-07-19,57.0,58.0,57.0,58.0,72193500
2021-07-21,57.0,58.0,55.0,57.0,347561500
2021-07-22,59.0,59.0,56.0,57.0,141134600
2021-07-23,57.0,59.0,57.0,59.0,82784000
2021-07-26,57.0,58.0,57.0,57.0,159702000
2021-07-27,56.0,58.0,56.0,57.0,101474100
2021-07-28,56.0,58.0,56.0,56.0,72428000
2021-07-29,58.0,59.0,56.0,56.0,257230200
2021-07-30,57.0,58.0,56.0,58.0,130635800
2021-08-02,58.0,58.0,57.0,57.0,106897900
2021-08-03,57.0,58.0,56.0,58.0,123921500
2021-08-04,57.0,58.0,56.0,57.0,109480900
2021-08-05,57.0,57.0,56.0,57.0,111931400
2021-08-06,57.0,57.0,56.0,57.0,226358000
2021-08-09,55.0,57.0,55.0,57.0,234056800
2021-08-10,53.0,55.0,52.0,55.0,612404300
2021-08-12,55.0,57.0,53.0,53.0,281108400
2021-08-13,54.0,56.0,53.0,55.0,190607000
2021-08-16,55.0,55.0,53.0,54.0,112402300
2021-08-18,54.0,56.0,54.0,55.0,112202300
2021-08-19,53.0,55.0,52.0,54.0,152377300
2021-08-20,53.0,54.0,52.0,53.0,90981600
2021-08-23,54.0,54.0,52.0,53.0,95618600
2021-08-24,53.0,55.0,53.0,54.0,83187400
2021-08-25,54.0,54.0,53.0,53.0,38618300
2021-08-26,53.0,54.0,52.0,54.0,116766600
2021-08-27,52.0,54.0,52.0,53.0,127654600
2021-08-30,55.0,56.0,53.0,54.0,376987900
2021-08-31,54.0,56.0,53.0,54.0,214319000
2021-09-01,54.0,56.0,54.0,54.0,91577500
2021-09-02,53.0,55.0,53.0,55.0,123220800
2021-09-03,56.0,56.0,53.0,53.0,288759800
2021-09-06,56.0,57.0,55.0,55.0,102725100
2021-09-07,56.0,57.0,55.0,56.0,107902100
2021-09-08,55.0,57.0,55.0,56.0,119375600
2021-09-09,55.0,56.0,54.0,55.0,85120500
2021-09-10,54.0,56.0,54.0,55.0,79804800
2021-09-13,54.0,55.0,53.0,54.0,138753900
2021-09-14,54.0,55.0,54.0,55.0,52314900
2021-09-15,54.0,56.0,54.0,54.0,141258800
2021-09-16,54.0,55.0,54.0,54.0,91000100
2021-09-17,55.0,55.0,53.0,54.0,73602900
2021-09-20,53.0,55.0,53.0,53.0,62149500
2021-09-21,54.0,54.0,53.0,53.0,54051800
2021-09-22,53.0,54.0,53.0,53.0,56583400
2021-09-23,53.0,55.0,53.0,54.0,119519800
2021-09-24,56.0,58.0,53.0,53.0,584708600
2021-09-27,56.0,58.0,56.0,56.0,279925200
2021-09-28,68.0,68.0,58.0,58.0,2998510300
2021-09-29,64.0,70.0,64.0,66.0,1524094100
2021-09-30,66.0,71.0,62.0,62.0,2315014700
2021-10-01,68.0,69.0,65.0,66.0,637266800
2021-10-04,84.0,88.0,70.0,70.0,4062612500
2021-10-05,91.0,99.0,85.0,88.0,4345682700
2021-10-06,92.0,102.0,91.0,96.0,2743644800
2021-10-07,86.0,88.0,86.0,88.0,229313100
2021-10-08,86.0,86.0,80.0,80.0,3952825300
2021-10-11,94.0,94.0,82.0,87.0,2326346300
2021-10-12,93.0,97.0,91.0,97.0,1813392600
2021-10-13,87.0,94.0,87.0,93.0,1515929700
2021-10-14,88.0,89.0,85.0,88.0,416517800
2021-10-15,87.0,90.0,86.0,88.0,626070200
2021-10-18,86.0,89.0,83.0,87.0,788391000
2021-10-19,83.0,88.0,83.0,87.0,520718300
2021-10-21,78.0,83.0,78.0,82.0,861340900
2021-10-22,74.0,75.0,73.0,73.0,1118884900
2021-10-25,75.0,78.0,74.0,76.0,494176100
2021-10-26,75.0,78.0,75.0,76.0,404105700
2021-10-27,75.0,78.0,74.0,75.0,522095800
2021-10-28,71.0,75.0,70.0,75.0,417795200
2021-10-29,72.0,73.0,69.0,70.0,276442400
2021-11-01,73.0,74.0,69.0,71.0,481438700
2021-11-02,70.0,73.0,69.0,71.0,338600000
2021-11-03,73.0,73.0,70.0,70.0,235279100
2021-11-04,74.0,78.0,73.0,75.0,779066700
2021-11-05,71.0,74.0,70.0,74.0,233251500
2021-11-08,71.0,73.0,69.0,71.0,380476700
2021-11-09,72.0,74.0,71.0,72.0,327168100
2021-11-10,71.0,73.0,70.0,72.0,290533500
2021-11-11,71.0,73.0,70.0,73.0,184809500
2021-11-12,70.0,72.0,70.0,71.0,133354100
2021-11-15,66.0,71.0,66.0,70.0,550559900
2021-11-16,66.0,68.0,65.0,66.0,163186700
2021-11-17,67.0,68.0,66.0,66.0,212609200
2021-11-18,66.0,68.0,65.0,67.0,257640400
2021-11-19,69.0,69.0,63.0,66.0,509882400
2021-11-22,69.0,70.0,67.0,69.0,219750600
2021-11-23,71.0,72.0,69.0,70.0,318678200
2021-11-24,71.0,73.0,70.0,71.0,280414300
2021-11-25,71.0,72.0,69.0,71.0,165210000
2021-11-26,67.0,70.0,67.0,70.0,314863100
2021-11-29,65.0,67.0,64.0,65.0,126707200
2021-11-30,66.0,67.0,64.0,65.0,177730900
2021-12-01,65.0,69.0,65.0,67.0,166132700
2021-12-02,68.0,71.0,65.0,65.0,436506800
2021-12-03,68.0,69.0,67.0,68.0,126185400
2021-12-06,67.0,69.0,66.0,69.0,171868800
2021-12-07,67.0,68.0,65.0,67.0,169023000
2021-12-08,68.0,71.0,66.0,67.0,232321200
2021-12-09,68.0,70.0,68.0,68.0,136667700
2021-12-10,69.0,71.0,67.0,68.0,203654300
2021-12-13,71.0,74.0,69.0,70.0,346576400
2021-12-14,70.0,72.0,68.0,71.0,159297400
2021-12-15,69.0,72.0,69.0,71.0,235594800
2021-12-16,68.0,71.0,68.0,69.0,164599600
2021-12-17,69.0,70.0,67.0,68.0,105819500
2021-12-20,67.0,69.0,67.0,69.0,63424800
2021-12-21,67.0,69.0,67.0,67.0,75271400
2021-12-22,65.0,68.0,65.0,67.0,191363500
2021-12-23,66.0,67.0,65.0,65.0,128283000
2021-12-24,66.0,67.0,64.0,66.0,130391900
2021-12-27,64.0,66.0,63.0,66.0,155814100
2021-12-28,65.0,67.0,64.0,64.0,245146500
2021-12-29,67.0,67.0,64.0,66.0,156400100
2021-12-30,67.0,68.0,65.0,66.0,160605200
2022-01-03,66.0,67.0,64.0,67.0,158396300
2022-01-04,66.0,67.0,65.0,66.0,51962500
2022-01-05,67.0,68.0,66.0,67.0,170662800
2022-01-06,67.0,67.0,65.0,67.0,109781800
2022-01-07,68.0,70.0,66.0,67.0,252942000
2022-01-10,67.0,69.0,66.0,68.0,127930800
2022-01-11,67.0,70.0,67.0,68.0,139635400
2022-01-12,67.0,69.0,66.0,69.0,213490400
2022-01-13,66.0,68.0,66.0,67.0,154155400
2022-01-14,67.0,68.0,66.0,67.0,161749400
2022-01-17,63.0,68.0,63.0,67.0,532930800
2022-01-18,60.0,64.0,59.0,64.0,394727300
2022-01-19,64.0,66.0,58.0,59.0,330962500
2022-01-20,65.0,67.0,64.0,64.0,224966400
2022-01-21,67.0,68.0,64.0,65.0,226384500
2022-01-24,73.0,73.0,66.0,67.0,907348100
2022-01-25,68.0,73.0,68.0,72.0,475862100
2022-01-26,70.0,72.0,68.0,69.0,253259200
2022-01-27,80.0,81.0,70.0,70.0,1780838100
2022-01-28,76.0,80.0,75.0,80.0,802710500
2022-01-31,76.0,79.0,74.0,77.0,375197300
2022-02-02,77.0,80.0,75.0,76.0,492548200
2022-02-03,80.0,83.0,75.0,77.0,1258816400
2022-02-04,81.0,85.0,79.0,80.0,976449300
2022-02-07,78.0,83.0,77.0,81.0,633068800
2022-02-08,78.0,81.0,77.0,78.0,433077700
2022-02-09,80.0,81.0,78.0,80.0,442067400
2022-02-10,79.0,82.0,78.0,81.0,453443500
2022-02-11,82.0,84.0,78.0,84.0,705530500
2022-02-14,81.0,83.0,80.0,81.0,480474800
2022-02-15,86.0,88.0,81.0,82.0,1210593900
2022-02-16,85.0,89.0,84.0,86.0,726832300
2022-02-17,80.0,87.0,80.0,85.0,733808000
2022-02-18,75.0,75.0,75.0,75.0,250607400
2022-02-21,70.0,70.0,70.0,70.0,225892200
2022-02-22,66.0,70.0,66.0,70.0,273772500
2022-02-23,62.0,63.0,62.0,62.0,281234300
2022-02-24,58.0,58.0,58.0,58.0,548415400
2022-02-25,54.0,54.0,54.0,54.0,933455300
2022-03-01,51.0,51.0,51.0,51.0,2463829500
2022-03-02,52.0,56.0,50.0,50.0,15191745200
2022-03-04,58.0,59.0,53.0,53.0,5618403600
2022-03-07,60.0,62.0,58.0,60.0,3792713700
2022-03-08,56.0,61.0,56.0,61.0,2127844300
2022-03-09,54.0,56.0,53.0,56.0,1475732500
2022-03-10,53.0,57.0,52.0,54.0,1554599100
2022-03-11,53.0,55.0,52.0,53.0,859667100
2022-03-14,53.0,55.0,52.0,54.0,1277646000
2022-03-15,52.0,53.0,51.0,53.0,1218768700
2022-03-16,52.0,53.0,51.0,51.0,454058000
2022-03-17,56.0,56.0,52.0,52.0,1899444600
2022-03-18,54.0,57.0,54.0,57.0,1041978400
2022-03-21,59.0,61.0,54.0,55.0,2571060400
2022-03-22,60.0,63.0,59.0,59.0,2877299500
2022-03-23,59.0,62.0,58.0,60.0,1155390500
2022-03-24,59.0,61.0,58.0,59.0,752967600
2022-03-25,58.0,60.0,56.0,60.0,653675300
2022-03-28,59.0,59.0,56.0,58.0,729192300
2022-03-29,56.0,59.0,55.0,59.0,1250335900
2022-03-30,57.0,59.0,55.0,55.0,455966900
2022-03-31,57.0,59.0,57.0,57.0,350430800
2022-04-01,58.0,59.0,57.0,57.0,743787300
2022-04-04,58.0,59.0,57.0,58.0,537359600
2022-04-05,60.0,61.0,57.0,58.0,1423022800
2022-04-06,65.0,66.0,60.0,60.0,3823640100
2022-04-07,63.0,66.0,63.0,65.0,2148676600
2022-04-08,66.0,67.0,63.0,64.0,1741164900
2022-04-11,66.0,70.0,65.0,66.0,2755676400
2022-04-12,68.0,70.0,66.0,66.0,2513146700
2022-04-13,68.0,73.0,68.0,69.0,3705936700
2022-04-14,68.0,70.0,67.0,69.0,1668478600
2022-04-18,64.0,68.0,64.0,68.0,1464549200
2022-04-19,60.0,63.0,60.0,62.0,1998599400
2022-04-20,63.0,64.0,60.0,60.0,942980000
2022-04-21,61.0,64.0,61.0,63.0,430407200
2022-04-22,57.0,62.0,57.0,60.0,2027612100
2022-04-25,55.0,58.0,54.0,57.0,1268712700
2022-04-26,54.0,56.0,53.0,56.0,1310849600
2022-04-27,56.0,58.0,53.0,54.0,1587269000
2022-04-28,56.0,57.0,55.0,56.0,1371832900
2022-05-09,61.0,63.0,57.0,61.0,4196811700
2022-05-10,59.0,60.0,57.0,59.0,1635664100
2022-05-11,58.0,60.0,57.0,59.0,1155655800
2022-05-12,54.0,58.0,54.0,58.0,1805008000
2022-05-13,56.0,56.0,53.0,55.0,1244620900
2022-05-17,57.0,58.0,55.0,57.0,992127300
2022-05-18,56.0,57.0,55.0,57.0,509654600
2022-05-19,54.0,56.0,54.0,56.0,926682700
2022-05-20,55.0,56.0,54.0,55.0,921683800
2022-05-23,54.0,56.0,54.0,56.0,487674700
2022-05-24,54.0,55.0,54.0,55.0,360670100
2022-05-25,56.0,57.0,54.0,54.0,1221692500
2022-05-27,55.0,57.0,54.0,56.0,1191490800
2022-05-30,55.0,56.0,55.0,56.0,516462600
2022-05-31,58.0,58.0,55.0,56.0,1518262900
2022-06-02,58.0,59.0,57.0,59.0,833900000
2022-06-03,57.0,58.0,57.0,58.0,775050700
2022-06-06,56.0,57.0,56.0,57.0,295218200
2022-06-07,57.0,59.0,56.0,57.0,1203478900
2022-06-08,58.0,59.0,57.0,57.0,645022000
2022-06-09,59.0,61.0,57.0,58.0,1866440600
2022-06-10,58.0,59.0,57.0,59.0,727945000
2022-06-13,56.0,57.0,55.0,56.0,955200100
2022-06-14,56.0,57.0,55.0,56.0,302366700
2022-06-15,58.0,61.0,56.0,56.0,2625074000
2022-06-16,60.0,63.0,59.0,59.0,2843046500
2022-06-17,65.0,65.0,59.0,60.0,3441262800
2022-06-20,72.0,73.0,65.0,66.0,5686852000
2022-06-21,70.0,74.0,69.0,74.0,3921085200
2022-06-22,67.0,71.0,66.0,66.0,3864578400
2022-06-23,65.0,68.0,63.0,68.0,3620950100
2022-06-24,66.0,75.0,63.0,75.0,955236000
2022-06-27,67.0,69.0,65.0,66.0,1858961100
2022-06-28,64.0,67.0,63.0,67.0,2744278300
2022-06-29,66.0,67.0,61.0,63.0,2075215300
2022-06-30,67.0,69.0,66.0,68.0,1270047400
2022-07-01,65.0,68.0,65.0,67.0,1146288900
2022-07-04,66.0,68.0,62.0,65.0,1576987100
2022-07-05,70.0,72.0,66.0,67.0,3545842900
2022-07-06,69.0,70.0,67.0,69.0,843947400
2022-07-07,70.0,72.0,68.0,69.0,2882532600
2022-07-08,70.0,72.0,69.0,71.0,1698867700
2022-07-11,73.0,73.0,69.0,71.0,2580495700
2022-07-12,79.0,79.0,72.0,73.0,4566664400
2022-07-13,75.0,79.0,74.0,79.0,2466749800
2022-07-14,75.0,78.0,75.0,76.0,684299900
2022-07-15,75.0,76.0,74.0,76.0,1215380400
2022-07-18,77.0,77.0,75.0,76.0,648647200
2022-07-19,79.0,80.0,77.0,77.0,2375884900
2022-07-20,83.0,83.0,80.0,80.0,2352197600
2022-07-21,83.0,84.0,81.0,82.0,1563403100
2022-07-22,86.0,87.0,83.0,84.0,2889829700
2022-07-25,93.0,94.0,86.0,86.0,4616823900
2022-07-26,107.0,108.0,93.0,93.0,10099007600
2022-07-27,108.0,117.0,104.0,107.0,8384916700
2022-07-28,113.0,113.0,102.0,109.0,5045343400
2022-07-29,113.0,122.0,112.0,113.0,7824082800
2022-08-01,115.0,118.0,110.0,113.0,3891644500
2022-08-02,115.0,118.0,113.0,115.0,2486204100
2022-08-03,107.0,116.0,107.0,114.0,2844318500
2022-08-04,101.0,108.0,100.0,100.0,5731406300
2022-08-05,107.0,107.0,100.0,105.0,2075070000
2022-08-08,113.0,116.0,107.0,107.0,3666835200
2022-08-09,140.0,142.0,113.0,114.0,8263413900
2022-08-10,133.0,144.0,131.0,140.0,5225521800
2022-08-11,143.0,145.0,133.0,136.0,4826566800
2022-08-12,133.0,173.0,133.0,155.0,5842002100
2022-08-15,131.0,134.0,124.0,124.0,3136123600
2022-08-16,135.0,137.0,123.0,123.0,3119258900
2022-08-18,143.0,147.0,135.0,136.0,5202821900
2022-08-19,138.0,148.0,134.0,144.0,5556009300
2022-08-22,137.0,140.0,133.0,139.0,1750984300
2022-08-23,145.0,146.0,137.0,137.0,4282256400
2022-08-24,149.0,150.0,142.0,150.0,4003391200
2022-08-25,174.0,178.0,149.0,149.0,9289230200
2022-08-26,171.0,184.0,163.0,184.0,7378920800
2022-08-29,170.0,177.0,166.0,168.0,5330211700
2022-08-30,160.0,173.0,159.0,171.0,9050461300
2022-08-31,168.0,168.0,152.0,158.0,5306068700
2022-09-01,169.0,180.0,166.0,180.0,6037974000
2022-09-02,178.0,190.0,170.0,170.0,9834723500
2022-09-05,197.0,198.0,177.0,178.0,8709181400
2022-09-06,216.0,246.0,198.0,246.0,9005487200
2022-09-07,208.0,220.0,202.0,220.0,7298178100
2022-09-08,200.0,208.0,195.0,208.0,6328718900
2022-09-09,192.0,200.0,186.0,198.0,8157055400
2022-09-12,210.0,212.0,190.0,193.0,7022115400
2022-09-13,204.0,214.0,200.0,210.0,7024175200
2022-09-14,196.0,220.0,192.0,216.0,5601498300
2022-09-15,190.0,199.0,189.0,198.0,3672223000
2022-09-16,180.0,192.0,177.0,189.0,9338324700
2022-09-19,168.0,184.0,168.0,181.0,6995016000
2022-09-20,168.0,174.0,157.0,170.0,8102695400
2022-09-21,157.0,170.0,157.0,168.0,6718705100
2022-09-22,157.0,158.0,147.0,147.0,8489351000
2022-09-23,147.0,156.0,147.0,147.0,3881387100
2022-09-26,137.0,145.0,137.0,137.0,2289566900
2022-09-27,140.0,142.0,128.0,128.0,6410499300
2022-09-28,132.0,141.0,132.0,137.0,3477229200
2022-09-29,133.0,141.0,131.0,133.0,4338721400
2022-09-30,137.0,138.0,127.0,133.0,3075737400
2022-10-03,142.0,142.0,135.0,136.0,3163646700
2022-10-04,153.0,153.0,145.0,145.0,4892845300
2022-10-05,165.0,167.0,155.0,155.0,5433969900
2022-10-06,163.0,171.0,162.0,166.0,2867449800
2022-10-07,186.0,186.0,167.0,172.0,7205805100
2022-10-10,176.0,199.0,173.0,196.0,7681959900
2022-10-11,164.0,187.0,164.0,177.0,9200015600
2022-10-12,170.0,174.0,156.0,174.0,6106660500
2022-10-13,169.0,177.0,164.0,174.0,3413939100
2022-10-14,162.0,175.0,160.0,172.0,2755513200
2022-10-17,163.0,164.0,151.0,162.0,5110135800
2022-10-18,168.0,172.0,162.0,166.0,3629227400
2022-10-19,167.0,171.0,166.0,168.0,1390094500
2022-10-20,178.0,181.0,167.0,167.0,4594797600
2022-10-21,182.0,185.0,176.0,185.0,3010782100
2022-10-24,189.0,190.0,175.0,183.0,3069909200
2022-10-25,189.0,194.0,185.0,190.0,4465449000
2022-10-26,188.0,194.0,186.0,190.0,2344364300
2022-10-27,189.0,192.0,186.0,189.0,1977603900
2022-10-28,182.0,191.0,181.0,190.0,2798451400
2022-10-31,189.0,192.0,183.0,185.0,3392895100
2022-11-01,183.0,188.0,180.0,186.0,3356661900
2022-11-02,181.0,185.0,176.0,185.0,2467728200
2022-11-03,180.0,191.0,178.0,191.0,2424630100
2022-11-04,173.0,180.0,169.0,180.0,3628004600
2022-11-07,178.0,181.0,168.0,175.0,3094215800
2022-11-08,185.0,186.0,168.0,180.0,2163724500
2022-11-09,185.0,190.0,183.0,185.0,2322746700
2022-11-10,187.0,188.0,179.0,183.0,2325159900
2022-11-11,185.0,194.0,184.0,192.0,2906017700
2022-11-14,180.0,188.0,179.0,183.0,1413241800
2022-11-15,176.0,183.0,174.0,181.0,2368807100
2022-11-16,176.0,181.0,174.0,180.0,1641878900
2022-11-17,175.0,178.0,172.0,175.0,1228597500
2022-11-18,181.0,181.0,174.0,176.0,1640297400
2022-11-21,186.0,187.0,179.0,183.0,1851155100
2022-11-22,188.0,191.0,184.0,188.0,2383466900
2022-11-23,195.0,195.0,188.0,188.0,2541337500
2022-11-24,189.0,198.0,186.0,195.0,2426172200
2022-11-25,185.0,192.0,184.0,189.0,1544548200
2022-11-28,179.0,184.0,173.0,179.0,2994933600
2022-11-29,185.0,185.0,178.0,179.0,1524747600
2022-11-30,182.0,187.0,181.0,186.0,2617202600
2022-12-01,184.0,186.0,182.0,185.0,987060400
2022-12-02,181.0,185.0,181.0,184.0,776091800
2022-12-05,171.0,182.0,170.0,182.0,2515627000
2022-12-06,171.0,175.0,167.0,171.0,1598733600
2022-12-07,171.0,175.0,171.0,172.0,745175400
2022-12-08,173.0,174.0,163.0,171.0,1438165500
2022-12-09,172.0,177.0,171.0,174.0,934468600
2022-12-12,176.0,177.0,169.0,172.0,733669900
2022-12-13,175.0,179.0,174.0,175.0,803136600
2022-12-14,175.0,178.0,172.0,176.0,482737200
2022-12-15,174.0,176.0,173.0,175.0,439015400
2022-12-16,172.0,174.0,170.0,174.0,347291500
2022-12-19,167.0,172.0,167.0,170.0,511559900
2022-12-20,164.0,171.0,164.0,167.0,681604300
2022-12-21,166.0,167.0,162.0,164.0,420944500
2022-12-22,168.0,169.0,166.0,166.0,320005500
2022-12-23,171.0,173.0,166.0,168.0,486744000
2022-12-26,169.0,173.0,168.0,171.0,344982000
2022-12-27,168.0,171.0,168.0,170.0,290435000
2022-12-28,164.0,169.0,163.0,168.0,396591000
2022-12-29,164.0,166.0,161.0,164.0,466197700
2022-12-30,161.0,166.0,161.0,166.0,290512000
2023-01-02,161.0,164.0,158.0,164.0,312286900
2023-01-03,166.0,168.0,161.0,163.0,557192900
2023-01-04,155.0,168.0,155.0,168.0,1086648900
2023-01-05,145.0,155.0,145.0,153.0,2213502300
2023-01-06,148.0,150.0,144.0,146.0,466731500
2023-01-09,138.0,151.0,138.0,148.0,1124560900
2023-01-10,142.0,144.0,132.0,138.0,1339258200
2023-01-11,147.0,149.0,137.0,143.0,913583900
2023-01-12,142.0,149.0,141.0,145.0,1086123100
2023-01-13,144.0,147.0,143.0,144.0,622124000
2023-01-16,147.0,148.0,142.0,145.0,556887500
2023-01-17,148.0,153.0,146.0,147.0,1252379200
2023-01-18,149.0,152.0,147.0,148.0,584943200
2023-01-19,150.0,151.0,147.0,148.0,325253100
2023-01-20,158.0,160.0,148.0,150.0,1309295100
2023-01-24,158.0,163.0,153.0,163.0,1770586200
2023-01-25,159.0,162.0,154.0,158.0,982185100
2023-01-26,155.0,169.0,155.0,169.0,906611300
2023-01-27,155.0,158.0,154.0,155.0,469402600
2023-01-30,154.0,160.0,154.0,157.0,520831400
2023-01-31,153.0,156.0,151.0,153.0,562557000
2023-02-01,155.0,158.0,151.0,153.0,945036200
2023-02-02,155.0,159.0,153.0,156.0,550059900
2023-02-03,147.0,156.0,146.0,155.0,1375602900
2023-02-06,142.0,149.0,140.0,146.0,1279979600
2023-02-07,146.0,149.0,145.0,147.0,542898900
2023-02-08,143.0,149.0,143.0,147.0,325267400
2023-02-09,139.0,143.0,139.0,143.0,577463000
2023-02-10,137.0,138.0,134.0,138.0,619973900
2023-02-13,137.0,141.0,137.0,137.0,336090900
2023-02-14,146.0,147.0,137.0,139.0,1038593600
2023-02-15,144.0,149.0,143.0,147.0,810983900
2023-02-16,141.0,148.0,140.0,148.0,495832600
2023-02-17,142.0,144.0,139.0,140.0,537635600
2023-02-20,139.0,143.0,136.0,142.0,684010700
2023-02-21,135.0,141.0,135.0,140.0,578604200
2023-02-22,133.0,139.0,133.0,137.0,468615100
2023-02-23,135.0,137.0,133.0,133.0,512286700
2023-02-24,135.0,137.0,134.0,137.0,647070000
2023-02-27,134.0,138.0,134.0,135.0,396885600
2023-02-28,136.0,138.0,134.0,134.0,516020500
2023-03-01,134.0,137.0,133.0,136.0,386850400
2023-03-02,135.0,135.0,133.0,134.0,142529600
2023-03-03,133.0,137.0,133.0,135.0,273933000
2023-03-06,128.0,135.0,126.0,134.0,977115300
2023-03-07,124.0,131.0,123.0,128.0,639951100
2023-03-08,123.0,126.0,120.0,122.0,452594800
2023-03-09,126.0,128.0,124.0,124.0,304060000
2023-03-10,129.0,131.0,125.0,126.0,359677800
2023-03-13,129.0,132.0,124.0,129.0,317982600
2023-03-14,123.0,130.0,122.0,129.0,579487000
2023-03-15,125.0,126.0,123.0,123.0,349050000
2023-03-16,117.0,125.0,117.0,124.0,852938900
2023-03-17,123.0,127.0,118.0,121.0,679272400
2023-03-20,119.0,124.0,118.0,123.0,264588400
2023-03-21,120.0,123.0,119.0,119.0,303875400
2023-03-24,121.0,124.0,120.0,121.0,277514300
2023-03-27,129.0,129.0,122.0,123.0,523730600
2023-03-28,137.0,138.0,129.0,130.0,838737900
2023-03-29,133.0,140.0,133.0,140.0,1078217900
2023-03-30,126.0,135.0,125.0,135.0,812051700
2023-03-31,127.0,129.0,124.0,126.0,408982400
2023-04-03,131.0,134.0,127.0,127.0,590511000
2023-04-04,131.0,137.0,130.0,133.0,1015118100
2023-04-05,132.0,133.0,129.0,131.0,307950700
2023-04-06,130.0,133.0,129.0,130.0,379667500
2023-04-10,123.0,130.0,123.0,130.0,397416400
2023-04-11,124.0,126.0,122.0,124.0,399249500
2023-04-12,121.0,126.0,118.0,125.0,486944600
2023-04-13,119.0,124.0,119.0,121.0,641055000
2023-04-14,120.0,122.0,119.0,120.0,344105500
2023-04-17,120.0,122.0,120.0,121.0,223255500
2023-04-18,122.0,123.0,120.0,120.0,281227600
2023-04-26,122.0,125.0,121.0,122.0,382747500
2023-04-27,122.0,123.0,121.0,122.0,158331100
2023-04-28,121.0,123.0,120.0,123.0,183232800
2023-05-02,115.0,123.0,114.0,121.0,768278200
2023-05-03,115.0,118.0,113.0,115.0,276620300
2023-05-04,114.0,116.0,113.0,115.0,315749100
2023-05-05,120.0,120.0,107.0,114.0,1768565800
2023-05-08,121.0,138.0,112.0,138.0,614532300
2023-05-09,121.0,123.0,118.0,121.0,372202000
2023-05-10,123.0,124.0,120.0,120.0,272644400
2023-05-11,121.0,123.0,120.0,123.0,319158900
2023-05-12,122.0,123.0,121.0,121.0,216353400
2023-05-15,126.0,128.0,121.0,123.0,492810700
2023-05-16,123.0,132.0,123.0,127.0,1189823500
2023-05-17,121.0,125.0,118.0,123.0,458477300
2023-05-19,116.0,121.0,116.0,121.0,394542500
2023-05-22,118.0,119.0,115.0,119.0,251841000
2023-05-23,116.0,120.0,116.0,118.0,286066200
2023-05-24,113.0,117.0,112.0,117.0,283441100
2023-05-25,109.0,113.0,109.0,113.0,490921700
2023-05-26,106.0,113.0,105.0,108.0,442091600
2023-05-29,100.0,108.0,99.0,105.0,1157237900
2023-05-30,100.0,103.0,98.0,100.0,566686300
2023-05-31,96.0,100.0,94.0,99.0,1063452500
2023-06-05,108.0,109.0,90.0,90.0,1045005100
2023-06-06,112.0,113.0,109.0,109.0,868498400
2023-06-07,110.0,115.0,106.0,111.0,359111900
2023-06-08,111.0,113.0,109.0,113.0,276670800
2023-06-09,113.0,115.0,111.0,113.0,346435700
2023-06-12,114.0,117.0,112.0,115.0,248115300
2023-06-13,112.0,116.0,109.0,114.0,286378500
2023-06-14,113.0,114.0,111.0,112.0,257077800
2023-06-15,115.0,116.0,111.0,114.0,457208500
2023-06-16,111.0,117.0,111.0,116.0,375743600
2023-06-19,113.0,114.0,110.0,112.0,323242100
2023-06-20,113.0,115.0,112.0,113.0,192247800
2023-06-21,117.0,118.0,113.0,115.0,645048400
2023-06-22,113.0,118.0,113.0,118.0,363395800
2023-06-23,112.0,114.0,111.0,113.0,250286200
2023-06-26,113.0,114.0,112.0,112.0,264310700
2023-06-27,115.0,117.0,113.0,114.0,598434800
2023-07-03,118.0,118.0,115.0,116.0,312715000
2023-07-04,116.0,119.0,115.0,117.0,224823200
2023-07-05,120.0,122.0,115.0,116.0,679394700
2023-07-06,127.0,130.0,120.0,120.0,969717200
2023-07-07,123.0,127.0,123.0,126.0,477186500
2023-07-10,125.0,127.0,123.0,124.0,226502800
2023-07-11,129.0,131.0,125.0,125.0,905068100
2023-07-12,129.0,130.0,126.0,130.0,474575900
2023-07-13,127.0,129.0,124.0,128.0,653824900
2023-07-14,133.0,135.0,127.0,127.0,1164066700
2023-07-17,134.0,137.0,133.0,135.0,878079500
2023-07-18,133.0,138.0,132.0,138.0,524469100
2023-07-20,140.0,140.0,134.0,134.0,809764900
2023-07-21,142.0,143.0,139.0,142.0,762072100
2023-07-24,142.0,144.0,141.0,144.0,554800000
2023-07-25,137.0,144.0,137.0,140.0,815384000
2023-07-26,141.0,142.0,137.0,137.0,525458800
2023-07-27,137.0,142.0,136.0,141.0,431870700
2023-07-28,135.0,138.0,133.0,138.0,460450700
2023-07-31,128.0,134.0,127.0,133.0,781931900
2023-08-01,129.0,131.0,127.0,128.0,330104800
2023-08-02,130.0,133.0,128.0,128.0,453606700
2023-08-03,133.0,134.0,130.0,130.0,511220300
2023-08-04,133.0,136.0,131.0,134.0,407622300
2023-08-07,132.0,134.0,130.0,134.0,344159500
2023-08-08,134.0,136.0,132.0,133.0,407704400
2023-08-09,129.0,135.0,128.0,135.0,425452800
2023-08-10,131.0,133.0,129.0,130.0,323297800
2023-08-11,132.0,132.0,129.0,131.0,286318000
2023-08-14,137.0,138.0,131.0,133.0,863833700
2023-08-15,140.0,141.0,136.0,138.0,611805200
2023-08-16,136.0,141.0,136.0,140.0,549056700
2023-08-18,137.0,139.0,135.0,136.0,393225800
2023-08-21,146.0,151.0,139.0,139.0,3281017000
2023-08-22,143.0,186.0,141.0,162.0,1589911700
2023-08-23,144.0,153.0,143.0,153.0,904045600
2023-08-24,141.0,146.0,140.0,144.0,749138100
2023-08-25,141.0,142.0,139.0,140.0,417396000
2023-08-28,142.0,144.0,139.0,140.0,437260800
2023-08-29,143.0,144.0,141.0,144.0,450939300
2023-08-30,139.0,145.0,139.0,145.0,478772000
2023-08-31,138.0,141.0,136.0,140.0,474421200
2023-09-01,141.0,142.0,138.0,140.0,343309100
2023-09-04,145.0,146.0,141.0,142.0,1139423700
2023-09-05,144.0,148.0,143.0,145.0,1208278500
2023-09-06,146.0,148.0,144.0,145.0,1089230500
2023-09-07,143.0,146.0,143.0,146.0,846732300
2023-09-08,144.0,145.0,143.0,143.0,595690000
2023-09-11,141.0,146.0,141.0,144.0,806967600
2023-09-12,136.0,143.0,136.0,143.0,936157800
2023-09-13,130.0,138.0,129.0,136.0,1438498000
2023-09-14,136.0,137.0,131.0,131.0,894108000
2023-09-15,137.0,138.0,130.0,136.0,7491285900
2023-09-18,137.0,138.0,135.0,138.0,259142300
2023-09-19,139.0,140.0,134.0,138.0,361302700
2023-09-20,139.0,141.0,138.0,140.0,343168200
2023-09-21,137.0,139.0,136.0,139.0,250006500
2023-09-22,138.0,141.0,135.0,137.0,517508500
2023-09-25,140.0,141.0,137.0,139.0,393629500
2023-09-26,135.0,141.0,135.0,141.0,410568700
2023-09-27,137.0,138.0,135.0,136.0,226830500
2023-09-29,137.0,139.0,137.0,137.0,107765700
2023-10-02,136.0,137.0,135.0,136.0,170628200
2023-10-03,136.0,138.0,134.0,136.0,243427800
2023-10-04,131.0,137.0,130.0,137.0,458576100
2023-10-05,126.0,131.0,126.0,131.0,448936500
2023-10-06,124.0,128.0,123.0,128.0,394862100
2023-10-09,129.0,130.0,125.0,127.0,182358200
2023-10-10,131.0,132.0,129.0,131.0,153814200
2023-10-11,129.0,132.0,129.0,131.0,147108300
2023-10-12,126.0,130.0,124.0,130.0,362620500
2023-10-13,125.0,129.0,125.0,126.0,170036600
2023-10-16,126.0,128.0,125.0,125.0,213429000
2023-10-17,126.0,128.0,125.0,127.0,118636900
2023-10-18,125.0,126.0,122.0,126.0,259855500
2023-10-19,122.0,126.0,122.0,125.0,140421200
2023-10-20,121.0,123.0,118.0,123.0,326618400
2023-10-23,119.0,125.0,118.0,121.0,147283000
2023-10-24,118.0,120.0,118.0,120.0,97172300
2023-10-25,118.0,120.0,117.0,120.0,162960500
2023-10-26,113.0,119.0,112.0,118.0,229705200
2023-10-27,115.0,117.0,113.0,113.0,157329900
2023-10-30,112.0,117.0,111.0,115.0,170441200
2023-10-31,113.0,114.0,108.0,112.0,341095000
2023-11-01,107.0,113.0,107.0,112.0,324079400
2023-11-02,108.0,110.0,107.0,108.0,138033600
2023-11-03,111.0,113.0,108.0,109.0,247012500
2023-11-06,112.0,114.0,111.0,111.0,229695300
2023-11-07,109.0,112.0,106.0,112.0,523190700
2023-11-08,107.0,109.0,106.0,109.0,113069500
2023-11-09,106.0,109.0,105.0,108.0,184683100
2023-11-10,107.0,109.0,106.0,106.0,164451700
2023-11-13,111.0,113.0,107.0,108.0,297713700
2023-11-14,112.0,114.0,110.0,111.0,180987200
2023-11-15,112.0,114.0,111.0,113.0,215501200
2023-11-16,112.0,113.0,111.0,112.0,86831700
2023-11-17,111.0,112.0,110.0,112.0,91610300
2023-11-20,112.0,113.0,109.0,111.0,150031900
2023-11-21,110.0,112.0,109.0,112.0,106433300
2023-11-22,109.0,112.0,108.0,111.0,304005300
2023-11-23,109.0,110.0,108.0,109.0,194360400
2023-11-24,107.0,110.0,105.0,109.0,366739600
2023-11-27,107.0,108.0,105.0,107.0,269055400
2023-11-28,111.0,113.0,106.0,107.0,461446400
2023-11-29,108.0,113.0,108.0,110.0,417145200
2023-11-30,102.0,109.0,102.0,104.0,2626949600
2023-12-01,99.0,105.0,97.0,103.0,1164694000
2023-12-04,102.0,105.0,99.0,99.0,723589100
2023-12-05,100.0,104.0,99.0,103.0,417287400
2023-12-06,96.0,101.0,95.0,101.0,665087000
2023-12-07,97.0,101.0,96.0,101.0,498520600
2023-12-08,97.0,100.0,97.0,98.0,449572800
2023-12-11,91.0,98.0,90.0,98.0,817641600
2023-12-12,89.0,92.0,87.0,91.0,497082700
2023-12-13,86.0,89.0,85.0,89.0,538422300
2023-12-14,87.0,89.0,86.0,86.0,357055600
2023-12-15,91.0,93.0,86.0,87.0,1968493600
2023-12-18,89.0,92.0,88.0,90.0,321396500
2023-12-19,86.0,90.0,85.0,89.0,517217900
2023-12-20,87.0,88.0,85.0,87.0,438402900
2023-12-21,86.0,88.0,85.0,87.0,223625000
2023-12-22,85.0,87.0,85.0,85.0,212442400
2023-12-27,87.0,88.0,85.0,85.0,341741400
2023-12-28,86.0,88.0,86.0,88.0,177108400
2023-12-29,85.0,87.0,84.0,87.0,372853500
2024-01-02,95.0,97.0,85.0,85.0,998119800
2024-01-03,98.0,103.0,94.0,94.0,2186067200
2024-01-04,99.0,101.0,97.0,99.0,777595600
2024-01-05,99.0,102.0,98.0,99.0,486296200
2024-01-08,97.0,100.0,95.0,100.0,383167000
2024-01-09,96.0,98.0,93.0,97.0,487131500
2024-01-10,96.0,100.0,95.0,97.0,756886300
2024-01-11,91.0,97.0,91.0,96.0,607661400
2024-01-12,93.0,94.0,91.0,91.0,236972000
2024-01-15,95.0,96.0,93.0,93.0,322480800
2024-01-16,94.0,96.0,94.0,96.0,212046800
2024-01-17,94.0,95.0,93.0,95.0,150474800
2024-01-18,96.0,97.0,93.0,94.0,309898100
2024-01-19,94.0,98.0,93.0,98.0,306836000
2024-01-22,92.0,95.0,92.0,95.0,180263100
2024-01-23,91.0,94.0,90.0,93.0,315910400
2024-01-24,88.0,92.0,87.0,91.0,318682300
2024-01-25,91.0,92.0,88.0,88.0,245966700
2024-01-26,88.0,92.0,88.0,92.0,214025300
2024-01-29,86.0,90.0,85.0,89.0,450182100
2024-01-30,88.0,90.0,86.0,86.0,250848600
2024-01-31,91.0,91.0,88.0,89.0,272704200
2024-02-01,89.0,92.0,88.0,91.0,167821900
2024-02-02,86.0,90.0,86.0,90.0,265990900
2024-02-05,86.0,88.0,86.0,87.0,210073000
2024-02-06,86.0,87.0,85.0,86.0,178661900
2024-02-07,85.0,87.0,85.0,86.0,149593400
2024-02-12,86.0,87.0,85.0,85.0,192373500
2024-02-13,90.0,93.0,87.0,87.0,712826000
2024-02-15,90.0,95.0,90.0,93.0,474827300
2024-02-16,88.0,91.0,88.0,90.0,333738700
2024-02-19,86.0,89.0,85.0,88.0,389749900
2024-02-20,87.0,87.0,85.0,86.0,186460700
2024-02-21,86.0,87.0,85.0,87.0,184082000
2024-02-22,89.0,90.0,86.0,86.0,365461900
2024-02-23,89.0,90.0,87.0,89.0,355483100
2024-02-26,90.0,91.0,88.0,89.0,333280200
2024-02-27,89.0,92.0,89.0,90.0,449176600
2024-02-28,88.0,90.0,86.0,89.0,488044100
2024-02-29,87.0,90.0,86.0,88.0,2091558000
2024-03-01,86.0,88.0,85.0,88.0,322691000
2024-03-04,85.0,88.0,85.0,87.0,374859900
2024-03-05,89.0,89.0,85.0,86.0,545631000
2024-03-06,90.0,92.0,88.0,90.0,519887900
2024-03-07,92.0,94.0,89.0,90.0,808477200
2024-03-08,90.0,94.0,90.0,94.0,229643100
2024-03-13,87.0,90.0,87.0,90.0,286145900
2024-03-14,88.0,89.0,87.0,87.0,120511800
2024-03-15,86.0,88.0,85.0,88.0,365412100
2024-03-18,86.0,88.0,86.0,86.0,104457400
2024-03-19,86.0,88.0,86.0,87.0,171838600
2024-03-20,86.0,87.0,84.0,87.0,432489800
2024-03-21,86.0,87.0,85.0,85.0,217195300
2024-03-22,86.0,87.0,85.0,86.0,144929900
2024-03-25,86.0,87.0,85.0,87.0,160676400
2024-03-26,85.0,87.0,85.0,87.0,207160400
2024-03-27,85.0,86.0,84.0,86.0,244013600
2024-03-28,84.0,86.0,84.0,85.0,184881200
2024-04-01,80.0,84.0,76.0,83.0,548827900
2024-04-02,83.0,84.0,79.0,80.0,243966200
2024-04-03,83.0,86.0,82.0,83.0,385207300
2024-04-04,84.0,86.0,83.0,83.0,143980800
2024-04-05,85.0,86.0,83.0,83.0,194695300
2024-04-16,86.0,88.0,84.0,85.0,258365200
2024-04-17,84.0,88.0,84.0,86.0,489468700
2024-04-18,84.0,85.0,83.0,84.0,170943600
2024-04-19,85.0,86.0,81.0,84.0,500908900
2024-04-22,85.0,88.0,84.0,84.0,201186600
2024-04-23,103.0,108.0,87.0,87.0,4027145200
2024-04-24,106.0,111.0,99.0,103.0,3616366200
2024-04-25,103.0,111.0,102.0,109.0,2087078700
2024-04-26,97.0,104.0,96.0,103.0,1602663200
2024-04-29,100.0,100.0,95.0,97.0,645221000
2024-04-30,99.0,102.0,98.0,101.0,796709700
2024-05-02,98.0,100.0,97.0,99.0,280006900
2024-05-03,100.0,104.0,97.0,98.0,854752300
2024-05-06,103.0,104.0,100.0,101.0,447210600
2024-05-07,104.0,107.0,103.0,104.0,740602000
2024-05-08,103.0,104.0,100.0,104.0,891122900
2024-05-13,100.0,104.0,100.0,103.0,573490800
2024-05-14,95.0,101.0,95.0,100.0,1187662300
2024-05-15,93.0,95.0,91.0,95.0,868289000
2024-05-16,94.0,95.0,93.0,94.0,346613200
2024-05-17,92.0,95.0,91.0,94.0,356928200
2024-05-20,94.0,97.0,92.0,93.0,724397800
2024-05-21,92.0,95.0,92.0,94.0,301139900
2024-05-22,93.0,94.0,92.0,94.0,180536600
2024-05-27,92.0,94.0,91.0,91.0,211297100
2024-05-28,90.0,93.0,90.0,92.0,346965800
2024-05-29,90.0,93.0,88.0,90.0,510565000
2024-05-30,88.0,92.0,88.0,90.0,347883300
2024-05-31,91.0,91.0,88.0,89.0,579099900
2024-06-03,89.0,92.0,89.0,91.0,279186500
2024-06-04,83.0,90.0,83.0,89.0,1681374100
2024-06-05,80.0,84.0,80.0,83.0,629002400
2024-06-06,80.0,83.0,80.0,82.0,207323500
2024-06-07,81.0,81.0,79.0,80.0,196053300
2024-06-10,77.0,82.0,76.0,81.0,401891900
2024-06-11,78.0,79.0,77.0,77.0,206054900
2024-06-12,76.0,79.0,76.0,79.0,201134900
2024-06-13,76.0,78.0,76.0,77.0,135880800
2024-06-14,74.0,78.0,74.0,76.0,307801100
2024-06-19,69.0,75.0,69.0,75.0,411866500
2024-06-20,73.0,74.0,69.0,69.0,197153700
2024-06-21,76.0,76.0,73.0,73.0,251490700
2024-06-24,79.0,79.0,75.0,76.0,165103400
2024-06-25,77.0,81.0,77.0,81.0,93665900
2024-06-26,78.0,80.0,77.0,77.0,74944700
2024-06-27,77.0,79.0,76.0,78.0,78969900
2024-06-28,78.0,80.0,77.0,77.0,118052100
2024-07-01,78.0,80.0,78.0,78.0,86958000
2024-07-02,81.0,82.0,78.0,78.0,331439900
2024-07-03,83.0,84.0,80.0,81.0,234043600
2024-07-04,83.0,85.0,82.0,84.0,184051400
2024-07-05,84.0,84.0,82.0,84.0,129144500
2024-07-08,85.0,86.0,83.0,84.0,186548900
2024-07-09,83.0,85.0,83.0,85.0,90200800
2024-07-10,81.0,84.0,79.0,84.0,215791700
2024-07-11,79.0,81.0,79.0,81.0,254349400
2024-07-12,79.0,80.0,79.0,80.0,175504200
2024-07-15,79.0,80.0,78.0,79.0,64124800
2024-07-16,79.0,80.0,79.0,80.0,36963800
2024-07-17,79.0,82.0,79.0,80.0,147275400
2024-07-18,80.0,80.0,79.0,79.0,206050400
2024-07-19,78.0,80.0,78.0,80.0,197242100
2024-07-22,79.0,80.0,78.0,78.0,110768900
2024-07-23,78.0,80.0,77.0,79.0,403448900
2024-07-24,76.0,79.0,76.0,78.0,229311800
2024-07-25,75.0,77.0,75.0,76.0,175757800
2024-07-26,78.0,78.0,75.0,75.0,158180500
2024-07-29,77.0,80.0,77.0,80.0,103242300
2024-07-30,76.0,78.0,74.0,77.0,257775000
2024-07-31,75.0,77.0,74.0,76.0,248978000
2024-08-01,75.0,77.0,74.0,75.0,156557500
2024-08-02,76.0,79.0,74.0,75.0,327820700
2024-08-05,72.0,76.0,72.0,76.0,380020800
2024-08-06,73.0,75.0,72.0,72.0,105904800
2024-08-07,75.0,76.0,73.0,73.0,104995800
2024-08-08,74.0,75.0,73.0,75.0,85623100
2024-08-09,75.0,76.0,74.0,74.0,62127000
2024-08-12,76.0,77.0,75.0,76.0,133161100
2024-08-13,76.0,77.0,75.0,76.0,163171400
2024-08-14,76.0,77.0,75.0,76.0,196498600
2024-08-15,80.0,82.0,76.0,76.0,751518400
2024-08-16,88.0,89.0,80.0,80.0,1572937900
2024-08-19,87.0,91.0,86.0,89.0,766215700
2024-08-20,88.0,90.0,87.0,89.0,240858900
2024-08-21,94.0,97.0,88.0,89.0,1405705200
2024-08-22,91.0,96.0,90.0,93.0,784336000
2024-08-23,94.0,94.0,91.0,92.0,357076000
2024-08-26,94.0,97.0,93.0,95.0,382083700
2024-08-27,92.0,96.0,92.0,95.0,240621200
2024-08-28,93.0,95.0,91.0,92.0,310124800
2024-08-29,89.0,95.0,87.0,94.0,783885400
2024-08-30,89.0,90.0,88.0,89.0,314646500
2024-09-02,93.0,94.0,89.0,89.0,471702900
2024-09-03,98.0,103.0,93.0,94.0,1944997500
2024-09-04,99.0,101.0,96.0,101.0,772067100
2024-09-05,99.0,102.0,98.0,100.0,534363900
2024-09-06,98.0,102.0,98.0,99.0,463503700
2024-09-09,97.0,100.0,96.0,99.0,366631400
2024-09-10,97.0,99.0,96.0,98.0,227530700
2024-09-11,94.0,98.0,94.0,97.0,359095500
2024-09-12,97.0,98.0,94.0,94.0,618476100
2024-09-13,99.0,100.0,97.0,98.0,310498900
2024-09-17,105.0,106.0,99.0,101.0,1635899400
2024-09-18,105.0,109.0,100.0,100.0,1241907400
2024-09-19,117.0,117.0,105.0,106.0,2116350800
2024-09-20,116.0,120.0,112.0,117.0,1623118600
2024-09-23,124.0,127.0,114.0,116.0,2024425300
2024-09-24,122.0,125.0,119.0,125.0,905391000
2024-09-25,121.0,124.0,118.0,122.0,851167500
2024-09-26,123.0,124.0,119.0,122.0,827583300
2024-09-27,122.0,124.0,120.0,123.0,587032600
2024-09-30,122.0,128.0,122.0,122.0,1494184300
2024-10-01,143.0,143.0,122.0,123.0,4971377700
2024-10-02,138.0,150.0,129.0,148.0,7989500200
2024-10-03,133.0,140.0,132.0,140.0,1583185000
2024-10-04,135.0,138.0,132.0,134.0,1507281300
2024-10-07,139.0,141.0,136.0,138.0,1652026700
2024-10-08,134.0,140.0,133.0,139.0,1213355000
2024-10-09,128.0,135.0,125.0,134.0,1727066100
2024-10-10,131.0,133.0,124.0,127.0,1232767600
2024-10-11,134.0,139.0,132.0,133.0,1150694000
2024-10-14,140.0,143.0,132.0,134.0,1575057400
2024-10-15,140.0,144.0,138.0,141.0,1347388300
2024-10-16,137.0,141.0,135.0,141.0,682755100
2024-10-17,146.0,149.0,136.0,137.0,2170132600
2024-10-18,139.0,148.0,139.0,147.0,1520246300
2024-10-21,138.0,144.0,137.0,139.0,812919200
2024-10-22,141.0,143.0,136.0,143.0,1012985700
2024-10-23,147.0,154.0,140.0,141.0,4617397400
2024-10-24,146.0,150.0,144.0,146.0,1418159400
2024-10-25,141.0,153.0,141.0,148.0,2651559700
2024-10-28,139.0,144.0,136.0,143.0,1233779000
2024-10-29,139.0,144.0,138.0,139.0,791532600
2024-10-30,140.0,143.0,138.0,140.0,695458800
2024-10-31,139.0,142.0,138.0,141.0,821357200
2024-11-01,135.0,140.0,135.0,139.0,1080600600
2024-11-04,135.0,140.0,135.0,135.0,1052096300
2024-11-05,138.0,138.0,133.0,137.0,845281500
2024-11-06,135.0,141.0,135.0,138.0,1684070100
2024-11-07,130.0,135.0,126.0,135.0,1417824200
2024-11-08,127.0,134.0,126.0,130.0,1428151100
2024-11-11,149.0,151.0,127.0,128.0,4358381800
2024-11-12,174.0,176.0,148.0,149.0,8549036500
2024-11-13,164.0,175.0,163.0,164.0,3522430000
2024-11-14,161.0,173.0,157.0,164.0,3431203500
2024-11-15,149.0,163.0,141.0,162.0,5434184500
2024-11-18,153.0,159.0,147.0,156.0,2425042300
2024-11-19,150.0,156.0,150.0,153.0,1294614700
2024-11-20,147.0,151.0,144.0,151.0,1121191000
2024-11-21,143.0,150.0,142.0,147.0,1546806500
2024-11-22,143.0,146.0,143.0,143.0,696367700
2024-11-25,146.0,148.0,140.0,144.0,910851500
2024-11-26,141.0,146.0,141.0,146.0,719330600
2024-11-28,135.0,143.0,133.0,141.0,1184927100
2024-11-29,147.0,148.0,133.0,140.0,2220984400
2024-12-02,138.0,150.0,138.0,148.0,1387470500
2024-12-03,137.0,144.0,136.0,138.0,1172848400
2024-12-04,139.0,141.0,137.0,138.0,975525500
2024-12-05,139.0,141.0,138.0,140.0,653831800
2024-12-06,138.0,141.0,137.0,139.0,539848700
2024-12-09,142.0,145.0,138.0,139.0,1051395800
2024-12-10,148.0,152.0,141.0,144.0,2992366600
2024-12-11,145.0,154.0,145.0,149.0,2416952000
2024-12-12,145.0,150.0,145.0,146.0,1089700400
2024-12-13,143.0,147.0,142.0,146.0,639726700
2024-12-16,139.0,144.0,138.0,143.0,977740400
2024-12-17,135.0,144.0,134.0,140.0,1283741100
2024-12-18,132.0,139.0,130.0,135.0,1525680200
2024-12-19,122.0,129.0,118.0,127.0,1928584400
2024-12-20,115.0,125.0,115.0,124.0,1476108300
2024-12-23,116.0,120.0,115.0,117.0,765874400
2024-12-24,116.0,121.0,113.0,117.0,730121800
2024-12-27,116.0,119.0,114.0,117.0,439627600
2024-12-30,118.0,120.0,114.0,117.0,435225700
2025-01-02,123.0,128.0,119.0,120.0,1378670900
2025-01-03,124.0,127.0,121.0,124.0,1196922400
2025-01-06,119.0,126.0,119.0,125.0,541934900
2025-01-07,120.0,122.0,117.0,120.0,515026800
2025-01-08,115.0,121.0,114.0,119.0,953636700
2025-01-09,108.0,117.0,108.0,115.0,998467700
2025-01-10,122.0,129.0,108.0,108.0,2338122400
2025-01-13,117.0,125.0,116.0,123.0,1379812600
2025-01-14,124.0,125.0,115.0,117.0,961925600
2025-01-15,122.0,126.0,120.0,124.0,595077100
2025-01-16,124.0,130.0,122.0,123.0,1001991200
2025-01-17,119.0,125.0,118.0,124.0,1089493400
2025-01-20,121.0,123.0,119.0,120.0,575532800
2025-01-21,122.0,125.0,121.0,122.0,529704700
2025-01-22,124.0,128.0,122.0,122.0,1159191100
2025-01-23,125.0,130.0,123.0,125.0,1179379500
2025-01-24,120.0,125.0,119.0,124.0,853609800
2025-01-30,118.0,121.0,116.0,120.0,359512300
2025-01-31,118.0,121.0,118.0,120.0,219095200
2025-02-03,115.0,119.0,112.0,119.0,565815000
2025-02-04,115.0,118.0,114.0,116.0,538016300
2025-02-05,115.0,118.0,114.0,114.0,344363400
2025-02-06,113.0,117.0,112.0,117.0,375859900
2025-02-07,109.0,113.0,108.0,112.0,552704600
2025-02-10,101.0,109.0,100.0,108.0,1038054400
2025-02-11,96.0,105.0,95.0,101.0,1378167300
2025-02-12,99.0,101.0,90.0,97.0,1284502800
2025-02-13,101.0,102.0,97.0,100.0,439249200
2025-02-14,103.0,104.0,100.0,101.0,452999900
2025-02-17,107.0,109.0,103.0,104.0,1181614700
2025-02-18,110.0,111.0,106.0,107.0,1005527400
2025-02-19,113.0,115.0,110.0,111.0,767068900
2025-02-20,111.0,116.0,111.0,113.0,893560900
2025-02-21,110.0,112.0,108.0,112.0,504729100
2025-02-24,108.0,111.0,107.0,110.0,303217000
2025-02-25,102.0,109.0,101.0,109.0,620608800
2025-02-26,100.0,104.0,98.0,102.0,385664200
2025-02-27,100.0,104.0,100.0,101.0,417610500
2025-02-28,94.0,100.0,94.0,99.0,661566900
2025-03-03,98.0,100.0,95.0,95.0,539773300
2025-03-04,93.0,100.0,92.0,99.0,578372100
2025-03-05,93.0,97.0,93.0,93.0,355714900
2025-03-06,96.0,97.0,94.0,95.0,279926900
2025-03-07,94.0,97.0,94.0,96.0,351486900
2025-03-10,102.0,105.0,96.0,96.0,1238852900
2025-03-11,99.0,102.0,98.0,99.0,600058900
2025-03-12,97.0,100.0,96.0,99.0,295951700
2025-03-13,94.0,98.0,94.0,97.0,367771300
2025-03-14,92.0,96.0,92.0,94.0,479650100
2025-03-17,94.0,95.0,92.0,93.0,430009000
2025-03-18,86.0,95.0,70.0,95.0,1412768100
2025-03-19,89.0,90.0,85.0,87.0,362848400
2025-03-20,89.0,93.0,89.0,90.0,399346600
2025-03-21,90.0,90.0,84.0,90.0,630512000
2025-03-24,84.0,90.0,83.0,90.0,316965900
2025-03-25,85.0,87.0,83.0,85.0,249577600
2025-03-26,90.0,92.0,86.0,86.0,361794600
2025-03-27,93.0,96.0,90.0,91.0,508008500
2025-04-08,80.0,86.0,80.0,80.0,741609600
2025-04-09,77.0,83.0,75.0,80.0,622188000
2025-04-10,81.0,86.0,80.0,83.0,896789100
2025-04-11,83.0,85.0,80.0,80.0,362257000
2025-04-14,93.0,94.0,85.0,86.0,794561500
2025-04-15,95.0,97.0,92.0,95.0,647911600
2025-04-16,100.0,104.0,98.0,99.0,1481729200
2025-04-17,97.0,100.0,95.0,100.0,652907500
2025-04-21,100.0,102.0,97.0,97.0,782109500
2025-04-22,112.0,112.0,104.0,107.0,3021746800
2025-04-23,108.0,116.0,106.0,113.0,2191557800
2025-04-24,105.0,110.0,105.0,107.0,622213300
2025-04-25,107.0,109.0,105.0,107.0,445837500
2025-04-28,105.0,109.0,105.0,108.0,412565400
2025-04-29,108.0,110.0,104.0,105.0,1232376200
2025-04-30,107.0,110.0,107.0,109.0,626538700
2025-05-02,112.0,112.0,106.0,107.0,1012962400
2025-05-05,109.0,113.0,109.0,112.0,892628400
2025-05-06,111.0,113.0,109.0,110.0,779426700
2025-05-07,110.0,114.0,109.0,113.0,689783400
2025-05-08,112.0,114.0,110.0,112.0,1120539400
2025-05-09,110.0,114.0,108.0,113.0,639593200
2025-05-14,117.0,117.0,109.0,112.0,2922757100
2025-05-15,127.0,128.0,117.0,119.0,4259956500
2025-05-16,121.0,127.0,120.0,125.0,1889738700
2025-05-19,125.0,127.0,121.0,122.0,1392066500
2025-05-20,122.0,125.0,120.0,125.0,1053937100
2025-05-21,118.0,123.0,116.0,122.0,1523611300
2025-05-22,116.0,121.0,116.0,119.0,1343801600
2025-05-23,118.0,119.0,115.0,115.0,503404900
2025-05-26,118.0,121.0,117.0,119.0,1359220900
2025-05-27,119.0,123.0,118.0,119.0,1316316300
2025-05-28,118.0,122.0,118.0,120.0,1032922300
2025-06-02,123.0,126.0,119.0,120.0,2864663600
2025-06-03,118.0,125.0,117.0,124.0,1883315600
2025-06-04,120.0,122.0,118.0,119.0,1020767200
2025-06-05,123.0,127.0,120.0,120.0,2482171700
2025-06-10,122.0,126.0,121.0,123.0,1308473900
2025-06-11,132.0,134.0,121.0,122.0,3983881600
2025-06-12,138.0,148.0,132.0,134.0,7001855600
2025-06-13,133.0,141.0,132.0,139.0,2749555500
2025-06-16,128.0,137.0,127.0,134.0,2725094400
2025-06-17,127.0,130.0,125.0,128.0,1961342900
2025-06-18,127.0,132.0,126.0,129.0,1998786200
2025-06-19,121.0,130.0,120.0,129.0,2268576700
2025-06-20,120.0,126.0,120.0,124.0,2368989200
2025-06-23,118.0,121.0,114.0,118.0,1626911400
2025-06-24,117.0,123.0,117.0,121.0,1275499700
2025-06-25,112.0,119.0,111.0,118.0,1889744200
2025-06-26,113.0,116.0,112.0,113.0,981927200
2025-06-30,119.0,120.0,114.0,115.0,1306960800
2025-07-01,114.0,120.0,113.0,119.0,1418642200
2025-07-02,114.0,115.0,109.0,115.0,1612196600
2025-07-03,113.0,115.0,112.0,114.0,819493600
2025-07-04,113.0,115.0,110.0,113.0,840417200
2025-07-07,113.0,114.0,111.0,113.0,558519900
2025-07-08,116.0,117.0,112.0,113.0,835692100
2025-07-09,115.0,117.0,114.0,116.0,553249800
2025-07-10,114.0,116.0,113.0,115.0,498741300
2025-07-11,114.0,116.0,113.0,114.0,352969200
2025-07-14,115.0,116.0,112.0,115.0,1126225100
2025-07-15,113.0,116.0,112.0,115.0,880297700
2025-07-16,121.0,122.0,113.0,113.0,3325970000
2025-07-17,119.0,122.0,118.0,122.0,1036225700
2025-07-18,117.0,121.0,117.0,119.0,1024410800
2025-07-21,118.0,121.0,117.0,117.0,1543581600
2025-07-22,120.0,124.0,118.0,120.0,2052722000
2025-07-23,119.0,123.0,118.0,120.0,1074547100
2025-07-24,116.0,120.0,116.0,119.0,1003326600
2025-07-25,114.0,118.0,114.0,116.0,847577900
2025-07-28,115.0,117.0,114.0,115.0,924079800
2025-07-29,116.0,118.0,115.0,116.0,1047137900
2025-07-30,115.0,118.0,114.0,117.0,684736500
2025-07-31,111.0,116.0,111.0,115.0,1099756000
2025-08-01,111.0,114.0,111.0,111.0,560633000
2025-08-04,111.0,114.0,110.0,111.0,919633100
2025-08-05,112.0,113.0,111.0,112.0,419978000
2025-08-06,113.0,114.0,111.0,112.0,747875700
2025-08-07,112.0,113.0,111.0,113.0,523183600
2025-08-08,110.0,113.0,109.0,112.0,1115690600
2025-08-11,108.0,110.0,106.0,110.0,934484500
2025-08-12,110.0,111.0,108.0,108.0,681814400
2025-08-13,108.0,111.0,108.0,111.0,625496300
2025-08-14,108.0,109.0,107.0,109.0,585649800
2025-08-15,108.0,109.0,106.0,108.0,514391200
2025-08-19,112.0,114.0,108.0,109.0,1546900400
2025-08-20,114.0,116.0,112.0,113.0,1763086500
2025-08-21,110.0,115.0,110.0,114.0,860150100
2025-08-22,110.0,113.0,110.0,111.0,356278600
2025-08-25,112.0,113.0,110.0,112.0,576623400
2025-08-26,112.0,115.0,111.0,112.0,1346175800
2025-08-27,111.0,114.0,111.0,113.0,524903200
2025-08-28,112.0,113.0,111.0,111.0,565959200
2025-08-29,109.0,112.0,107.0,112.0,1283670100
2025-09-01,107.0,109.0,103.0,107.0,856336000
2025-09-02,111.0,114.0,108.0,109.0,1368151000
2025-09-03,113.0,115.0,111.0,113.0,1028266600
2025-09-04,112.0,120.0,112.0,113.0,4498155400
2025-09-08,108.0,114.0,108.0,112.0,1582535200
2025-09-09,110.0,112.0,108.0,110.0,818905800
2025-09-10,109.0,111.0,109.0,111.0,417728300
2025-09-11,108.0,110.0,107.0,110.0,641352900
2025-09-12,110.0,111.0,108.0,109.0,535937100
2025-09-15,114.0,115.0,110.0,111.0,1455709200
2025-09-16,115.0,123.0,114.0,115.0,5043290100
2025-09-17,113.0,116.0,112.0,115.0,958816700
2025-09-18,113.0,115.0,111.0,113.0,759599400
2025-09-19,114.0,114.0,111.0,113.0,2767238100
2025-09-22,121.0,122.0,115.0,116.0,4324772300
2025-09-23,140.0,145.0,123.0,123.0,16351388500
2025-09-24,149.0,154.0,137.0,143.0,13829826300
2025-09-25,146.0,159.0,144.0,148.0,10286229600
2025-09-26,147.0,151.0,141.0,146.0,5137145700
2025-09-29,154.0,156.0,149.0,150.0,5998442900
2025-09-30,149.0,155.0,148.0,154.0,4043594900
2025-10-01,161.0,164.0,148.0,149.0,8086835900
2025-10-02,163.0,167.0,156.0,163.0,5836304600
2025-10-03,161.0,168.0,160.0,164.0,3401965900
2025-10-06,150.0,164.0,149.0,162.0,6863859200
2025-10-07,144.0,155.0,143.0,151.0,6120027600
2025-10-08,142.0,147.0,138.0,145.0,2779260000
2025-10-09,142.0,153.0,140.0,151.0,4506268000
2025-10-10,138.0,145.0,134.0,143.0,4756769400
2025-10-13,142.0,145.0,134.0,135.0,3787180900
2025-10-14,137.0,150.0,134.0,145.0,5092560300
2025-10-15,136.0,141.0,134.0,139.0,2141100100
2025-10-16,136.0,139.0,135.0,137.0,969257100
2025-10-17,128.0,137.0,126.0,136.0,2484373500
2025-10-20,130.0,132.0,128.0,130.0,1208848800
2025-10-21,132.0,137.0,131.0,131.0,1333397800
2025-10-22,136.0,137.0,130.0,132.0,1300117300
2025-10-23,133.0,137.0,132.0,136.0,1010560900
2025-10-24,134.0,138.0,133.0,133.0,1021352700
2025-10-27,132.0,137.0,128.0,135.0,1246959300
2025-10-28,141.0,141.0,134.0,135.0,2729257600
2025-10-29,139.0,145.0,138.0,143.0,2230281600
2025-10-30,141.0,143.0,138.0,139.0,1234558000
2025-10-31,142.0,145.0,140.0,141.0,1634337100
2025-11-03,141.0,144.0,140.0,143.0,1007456200
2025-11-04,140.0,146.0,139.0,141.0,2482810900
2025-11-05,142.0,143.0,137.0,138.0,835782800
2025-11-06,141.0,145.0,141.0,142.0,1067529600
2025-11-07,141.0,143.0,140.0,142.0,887304600
2025-11-10,150.0,150.0,141.0,142.0,3425993000
2025-11-11,198.0,202.0,150.0,151.0,28600582500
2025-11-12,192.0,206.0,187.0,197.0,18408147500
2025-11-13,224.0,240.0,189.0,194.0,20660901900
2025-11-14,220.0,244.0,216.0,224.0,17280324400
2025-11-17,222.0,232.0,218.0,222.0,8428653200
2025-11-18,214.0,224.0,206.0,222.0,7344771600
2025-11-19,228.0,238.0,216.0,220.0,14168826000
2025-11-20,226.0,234.0,224.0,230.0,5842229700
2025-11-21,220.0,226.0,218.0,224.0,3825011300
2025-11-24,218.0,224.0,218.0,224.0,2403308000
2025-11-25,236.0,242.0,220.0,220.0,13274853700
2025-11-26,260.0,266.0,236.0,240.0,18662707200
2025-11-27,242.0,256.0,240.0,252.0,11236705400
2025-11-28,244.0,246.0,236.0,244.0,3632328800
2025-12-01,246.0,252.0,238.0,244.0,6434442600
2025-12-02,242.0,248.0,242.0,248.0,1938684900
2025-12-03,240.0,254.0,240.0,244.0,4432754000
2025-12-04,242.0,246.0,240.0,242.0,1768534000
2025-12-05,238.0,244.0,236.0,242.0,2086399500
2025-12-08,252.0,252.0,238.0,240.0,4908722800
2025-12-09,272.0,276.0,250.0,252.0,12082544300
2025-12-10,326.0,336.0,276.0,276.0,20922562800
2025-12-11,360.0,378.0,326.0,332.0,21969738900
2025-12-12,368.0,382.0,354.0,364.0,10187266800
2025-12-15,344.0,400.0,340.0,372.0,13792118300
2025-12-16,348.0,358.0,330.0,340.0,5809011900
2025-12-17,348.0,360.0,346.0,354.0,4247375400
2025-12-18,340.0,352.0,334.0,350.0,3544112800
2025-12-19,344.0,350.0,338.0,346.0,2748766200
2025-12-22,394.0,394.0,346.0,348.0,12257775400
2025-12-23,380.0,406.0,376.0,402.0,8335353200
2025-12-24,362.0,384.0,360.0,382.0,4795205000
2025-12-29,366.0,376.0,354.0,362.0,5492663300
2025-12-30,366.0,372.0,362.0,370.0,2812869800
2026-01-02,420.0,424.0,370.0,372.0,11771094600
2026-01-05,464.0,476.0,420.0,428.0,13048421800
2026-01-06,464.0,484.0,452.0,466.0,8648116700
2026-01-07,452.0,478.0,452.0,464.0,6102514400
2026-01-08,460.0,460.0,442.0,450.0,3629921000
2026-01-09,462.0,480.0,456.0,470.0,7430491000
2026-01-12,436.0,472.0,394.0,468.0,9759299800
2026-01-13,406.0,448.0,396.0,436.0,9716507600
2026-01-14,422.0,434.0,410.0,414.0,6113687100
2026-01-15,410.0,428.0,404.0,426.0,4173617100
2026-01-19,412.0,412.0,390.0,410.0,6004590000
2026-01-20,414.0,440.0,414.0,432.0,9992920600
2026-01-21,386.0,408.0,380.0,408.0,8369517000
2026-01-22,348.0,396.0,346.0,390.0,11300872300
2026-01-23,360.0,364.0,330.0,350.0,9715093500
2026-01-26,332.0,368.0,332.0,358.0,8341641400
2026-01-27,344.0,346.0,328.0,336.0,5796234400
2026-01-28,294.0,294.0,294.0,294.0,2063059700
2026-01-29,250.0,282.0,250.0,250.0,24522161400
2026-01-30,258.0,272.0,246.0,258.0,10768790900
2026-02-02,220.0,264.0,220.0,260.0,12444107400
2026-02-03,264.0,266.0,198.0,212.0,13881927300
2026-02-04,246.0,266.0,240.0,258.0,9402318400
2026-02-05,240.0,256.0,240.0,242.0,4278275700
2026-02-06,226.0,238.0,218.0,232.0,6515359700
2026-02-09,240.0,244.0,224.0,236.0,5917512800
2026-02-10,248.0,264.0,236.0,238.0,10011575000
2026-02-11,272.0,286.0,252.0,252.0,15389213700
2026-02-12,270.0,282.0,266.0,280.0,7425236700
2026-02-13,292.0,296.0,262.0,264.0,11232277200
2026-02-18,284.0,298.0,284.0,292.0,10336439600
2026-02-19,300.0,306.0,286.0,286.0,9628948200
2026-02-20,294.0,306.0,292.0,302.0,3790944800
2026-02-23,296.0,306.0,294.0,300.0,4008241200
2026-02-24,274.0,298.0,270.0,296.0,8768902000
2026-02-25,270.0,282.0,262.0,270.0,6672829400
2026-02-26,258.0,278.0,252.0,274.0,6083786000
2026-02-27,258.0,260.0,244.0,258.0,4853064000
2026-03-02,248.0,266.0,246.0,252.0,5332814900
2026-03-03,252.0,262.0,248.0,258.0,4765414000
2026-03-04,234.0,256.0,226.0,256.0,7871045500
2026-03-05,240.0,248.0,238.0,246.0,3410343700
2026-03-06,230.0,244.0,226.0,240.0,3885133200
2026-03-09,220.0,226.0,200.0,214.0,6510531900
2026-03-10,240.0,240.0,228.0,230.0,5461317400
2026-03-11,226.0,244.0,226.0,242.0,2994827600
2026-03-12,218.0,228.0,216.0,226.0,3743282000
2026-03-13,210.0,220.0,206.0,220.0,4126257700
2026-03-16,204.0,214.0,202.0,214.0,3325002300
2026-03-17,206.0,212.0,202.0,208.0,2059278600
2026-03-25,226.0,232.0,206.0,208.0,4993415800
2026-03-26,214.0,232.0,214.0,228.0,3841879100
2026-03-27,214.0,220.0,210.0,214.0,1993219700
2026-03-30,226.0,228.0,206.0,214.0,3307221900
2026-03-31,216.0,234.0,216.0,230.0,3102922800
2026-04-01,238.0,238.0,222.0,224.0,4232886000
2026-04-02,228.0,234.0,226.0,232.0,3239932500
2026-04-06,242.0,250.0,228.0,228.0,6099108000
2026-04-07,236.0,246.0,234.0,242.0,2937748500
2026-04-08,252.0,254.0,244.0,246.0,7028235400
2026-04-09,244.0,250.0,240.0,248.0,3231004700
2026-04-10,246.0,254.0,246.0,246.0,3723636000
2026-04-13,244.0,250.0,240.0,242.0,2492525700
2026-04-14,262.0,262.0,246.0,250.0,6975324100
2026-04-15,252.0,268.0,252.0,266.0,4737542700
2026-04-16,250.0,258.0,248.0,254.0,2690537600
2026-04-17,248.0,256.0,248.0,250.0,2031335300
2026-04-20,242.0,250.0,240.0,250.0,2320011600
2026-04-21,240.0,244.0,238.0,242.0,2190621300
2026-04-22,240.0,246.0,240.0,242.0,1883526900
2026-04-23,230.0,242.0,230.0,240.0,3490960700
2026-04-24,216.0,236.0,216.0,232.0,4442692000
2026-04-27,224.0,230.0,218.0,220.0,2505952300
2026-04-28,228.0,230.0,220.0,228.0,1800570700
2026-04-29,230.0,234.0,228.0,230.0,1730505500
2026-04-30,240.0,244.0,220.0,230.0,4363737300
2026-05-04,230.0,250.0,230.0,240.0,3204619800
2026-05-05,230.0,234.0,226.0,230.0,1724471500
2026-05-06,230.0,238.0,228.0,234.0,1589946400
2026-05-07,230.0,238.0,230.0,236.0,2112241300
2026-05-08,216.0,232.0,216.0,230.0,2855783300
2026-05-11,212.0,224.0,208.0,216.0,3964376600
2026-05-12,212.0,214.0,208.0,214.0,1533188100
2026-05-13,214.0,220.0,210.0,210.0,2164725500
2026-05-14,214.0,214.0,214.0,214.0,0
2026-05-15,214.0,214.0,214.0,214.0,0
2026-05-18,206.0,214.0,202.0,214.0,2951177000
2026-05-19,186.0,212.0,178.0,208.0,9180486400
2026-05-20,173.0,191.0,167.0,181.0,10612750600
2026-05-21,164.0,179.0,157.0,179.0,7188689100
2026-05-22,185.0,186.0,160.0,164.0,6616733300
2026-05-25,171.0,184.0,171.0,183.0,4461704000
2026-05-26,166.0,177.0,166.0,169.0,2698201800
2026-05-27,166.0,166.0,166.0,166.0,0
2026-05-28,166.0,166.0,166.0,166.0,0
2026-05-29,168.0,173.0,166.0,168.0,2216070000
2026-06-02,161.0,175.0,160.0,171.0,2680035900
2026-06-03,148.0,164.0,141.0,162.0,5931078500
2026-06-04,150.0,153.0,137.0,149.0,4978373200
2026-06-05,139.0,153.0,139.0,152.0,3062335900
2026-06-08,130.0,139.0,126.0,132.0,4621181600
2026-06-09,146.0,148.0,129.0,130.0,5625440400
2026-06-10,144.0,157.0,142.0,146.0,7438604200
2026-06-11,140.0,147.0,136.0,144.0,2994048400
2026-06-12,157.0,162.0,143.0,144.0,6630659700
2026-06-15,173.0,191.0,163.0,165.0,13335601700
2026-06-17,168.0,178.0,165.0,175.0,4078182600
2026-06-18,171.0,173.0,163.0,169.0,2760389100
2026-06-19,168.0,177.0,167.0,172.0,2642490700
2026-06-22,162.0,170.0,160.0,169.0,1971126000
2026-06-23,167.0,169.0,157.0,162.0,2505862500
2026-06-24,146.0,168.0,145.0,167.0,4428718600
2026-06-25,148.0,152.0,143.0,146.0,3203850300
2026-06-26,141.0,149.0,139.0,148.0,2660102100
2026-06-29,141.0,145.0,139.0,142.0,1089586400
2026-06-30,132.0,141.0,130.0,140.0,2684851600
2026-07-01,135.0,138.0,129.0,132.0,2083415800
2026-07-02,135.0,142.0,133.0,135.0,2580095000
2026-07-03,139.0,143.0,137.0,138.0,1674495100
2026-07-06,141.0,145.0,137.0,141.0,1769220200
2026-07-07,140.0,143.0,139.0,142.0,1025116400
2026-07-08,136.0,140.0,136.0,139.0,1074319400
2026-07-09,141.0,146.0,136.0,137.0,2695372700
2026-07-10,142.0,143.0,140.0,142.0,1130365400
2026-07-13,147.0,148.0,139.0,142.0,1941996500
2026-07-14,149.0,155.0,146.0,148.0,3456209000
2026-07-15,148.0,152.0,147.0,150.0,1311955900
2026-07-16,149.0,152.0,147.0,148.0,1557629000
2026-07-17,150.0,152.0,147.0,150.0,1345647200
2026-07-20,159.0,160.0,150.0,151.0,2815574600
2026-07-21,168.0,171.0,157.0,160.0,5815015800
2026-07-22,168.0,170.0,164.0,170.0,3282204300
2026-07-23,183.0,196.0,169.0,169.0,12064567200
2026-07-24,171.0,183.0,168.0,180.0,6196891800
2026-07-27,170.0,176.0,167.0,171.0,3267610800
2026-07-28,165.0,173.0,165.0,171.0,2709827400
2026-07-29,159.0,169.0,157.0,166.0,3762755100
2026-07-30,162.0,164.0,158.0,162.0,2181882800
2026-07-31,165.0,168.0,162.0,165.0,2318947200
2026-08-03,168.0,173.0,166.0,169.0,3191520400
2026-08-04,168.0,170.0,166.0,169.0,1338648800
2026-08-05,179.0,181.0,169.0,170.0,4551442500
2026-08-06,179.0,183.0,176.0,181.0,4303168100
2026-08-07,187.0,189.0,179.0,180.0,4391569200
2026-08-10,187.0,194.0,186.0,189.0,4522740900
2026-08-11,178.0,189.0,176.0,188.0,3659733600
2026-08-12,185.0,185.0,179.0,179.0,2571564600
2026-08-13,178.0,187.0,177.0,186.0,2182698300
2026-08-14,181.0,183.0,174.0,178.0,2030936400
2026-08-18,184.0,187.0,182.0,183.0,2230547000
2026-08-19,182.0,185.0,181.0,184.0,1046473100
2026-08-20,190.0,191.0,183.0,184.0,3546576700
2026-08-21,196.0,202.0,189.0,191.0,6243279400
2026-08-24,194.0,202.0,193.0,199.0,3431299700
2026-08-25,194.0,194.0,194.0,194.0,0
2026-08-26,184.0,195.0,184.0,194.0,2738635400
2026-08-27,194.0,194.0,181.0,181.0,2732850200
2026-08-28,190.0,198.0,189.0,195.0,2901144900
2026-08-31,192.0,194.0,188.0,190.0,1586243800
2026-09-01,206.0,208.0,193.0,193.0,6992846600
2026-09-02,206.0,210.0,204.0,210.0,1931491500
2026-09-03,206.0,216.0,206.0,208.0,4469727300
2026-09-04,210.0,210.0,206.0,210.0,1646574300
2026-09-07,224.0,226.0,210.0,210.0,168579104
